ARM GAS  C:\Users\khrip\AppData\Local\Temp\ccD05Ws9.s 			page 1


   1              		.cpu cortex-m3
   2              		.arch armv7-m
   3              		.fpu softvfp
   4              		.eabi_attribute 20, 1
   5              		.eabi_attribute 21, 1
   6              		.eabi_attribute 23, 3
   7              		.eabi_attribute 24, 1
   8              		.eabi_attribute 25, 1
   9              		.eabi_attribute 26, 1
  10              		.eabi_attribute 30, 1
  11              		.eabi_attribute 34, 1
  12              		.eabi_attribute 18, 4
  13              		.file	"main.c"
  14              		.text
  15              	.Ltext0:
  16              		.cfi_sections	.debug_frame
  17              		.file 1 "Core/Src/main.c"
  18              		.section	.text.millis_update,"ax",%progbits
  19              		.align	1
  20              		.syntax unified
  21              		.thumb
  22              		.thumb_func
  24              	millis_update:
  25              	.LFB1:
   1:Core/Src/main.c **** #include <stdint.h>
   2:Core/Src/main.c **** 
   3:Core/Src/main.c **** volatile uint32_t g_milliseconds = 0;
   4:Core/Src/main.c **** volatile uint32_t g_iteration_counter = 0;
   5:Core/Src/main.c **** 
   6:Core/Src/main.c **** // Калибровка: сколько итераций главного цикла = 1 мс
   7:Core/Src/main.c **** // Подбирается экспериментально
   8:Core/Src/main.c **** #define ITERATIONS_PER_MS 35
   9:Core/Src/main.c **** 
  10:Core/Src/main.c **** void millis_init(void) {
  11:Core/Src/main.c ****     g_milliseconds = 0;
  12:Core/Src/main.c ****     g_iteration_counter = 0;
  13:Core/Src/main.c **** }
  14:Core/Src/main.c **** 
  15:Core/Src/main.c **** // Вызывать в КАЖДОЙ итерации while(1)
  16:Core/Src/main.c **** static inline void millis_update(void) {
  26              		.loc 1 16 40 view -0
  27              		.cfi_startproc
  28              		@ args = 0, pretend = 0, frame = 0
  29              		@ frame_needed = 0, uses_anonymous_args = 0
  30              		@ link register save eliminated.
  17:Core/Src/main.c ****     g_iteration_counter++;
  31              		.loc 1 17 5 view .LVU1
  32              		.loc 1 17 24 is_stmt 0 view .LVU2
  33 0000 074B     		ldr	r3, .L3
  34 0002 1A68     		ldr	r2, [r3]
  35 0004 0132     		adds	r2, r2, #1
  36 0006 1A60     		str	r2, [r3]
  18:Core/Src/main.c ****     if (g_iteration_counter >= ITERATIONS_PER_MS) {
  37              		.loc 1 18 5 is_stmt 1 view .LVU3
  38              		.loc 1 18 29 is_stmt 0 view .LVU4
  39 0008 1B68     		ldr	r3, [r3]
  40              		.loc 1 18 8 view .LVU5
ARM GAS  C:\Users\khrip\AppData\Local\Temp\ccD05Ws9.s 			page 2


  41 000a 222B     		cmp	r3, #34
  42 000c 06D9     		bls	.L1
  19:Core/Src/main.c ****         g_milliseconds++;
  43              		.loc 1 19 9 is_stmt 1 view .LVU6
  44              		.loc 1 19 23 is_stmt 0 view .LVU7
  45 000e 054A     		ldr	r2, .L3+4
  46 0010 1368     		ldr	r3, [r2]
  47 0012 0133     		adds	r3, r3, #1
  48 0014 1360     		str	r3, [r2]
  20:Core/Src/main.c ****         g_iteration_counter = 0;
  49              		.loc 1 20 9 is_stmt 1 view .LVU8
  50              		.loc 1 20 29 is_stmt 0 view .LVU9
  51 0016 024B     		ldr	r3, .L3
  52 0018 0022     		movs	r2, #0
  53 001a 1A60     		str	r2, [r3]
  54              	.L1:
  21:Core/Src/main.c ****     }
  22:Core/Src/main.c **** }
  55              		.loc 1 22 1 view .LVU10
  56 001c 7047     		bx	lr
  57              	.L4:
  58 001e 00BF     		.align	2
  59              	.L3:
  60 0020 00000000 		.word	g_iteration_counter
  61 0024 00000000 		.word	g_milliseconds
  62              		.cfi_endproc
  63              	.LFE1:
  65              		.section	.text.millis_init,"ax",%progbits
  66              		.align	1
  67              		.global	millis_init
  68              		.syntax unified
  69              		.thumb
  70              		.thumb_func
  72              	millis_init:
  73              	.LFB0:
  10:Core/Src/main.c ****     g_milliseconds = 0;
  74              		.loc 1 10 24 is_stmt 1 view -0
  75              		.cfi_startproc
  76              		@ args = 0, pretend = 0, frame = 0
  77              		@ frame_needed = 0, uses_anonymous_args = 0
  78              		@ link register save eliminated.
  11:Core/Src/main.c ****     g_iteration_counter = 0;
  79              		.loc 1 11 5 view .LVU12
  11:Core/Src/main.c ****     g_iteration_counter = 0;
  80              		.loc 1 11 20 is_stmt 0 view .LVU13
  81 0000 0023     		movs	r3, #0
  82 0002 024A     		ldr	r2, .L6
  83 0004 1360     		str	r3, [r2]
  12:Core/Src/main.c **** }
  84              		.loc 1 12 5 is_stmt 1 view .LVU14
  12:Core/Src/main.c **** }
  85              		.loc 1 12 25 is_stmt 0 view .LVU15
  86 0006 024A     		ldr	r2, .L6+4
  87 0008 1360     		str	r3, [r2]
  13:Core/Src/main.c **** 
  88              		.loc 1 13 1 view .LVU16
  89 000a 7047     		bx	lr
ARM GAS  C:\Users\khrip\AppData\Local\Temp\ccD05Ws9.s 			page 3


  90              	.L7:
  91              		.align	2
  92              	.L6:
  93 000c 00000000 		.word	g_milliseconds
  94 0010 00000000 		.word	g_iteration_counter
  95              		.cfi_endproc
  96              	.LFE0:
  98              		.section	.text.millis,"ax",%progbits
  99              		.align	1
 100              		.global	millis
 101              		.syntax unified
 102              		.thumb
 103              		.thumb_func
 105              	millis:
 106              	.LFB2:
  23:Core/Src/main.c **** 
  24:Core/Src/main.c **** uint32_t millis(void) {
 107              		.loc 1 24 23 is_stmt 1 view -0
 108              		.cfi_startproc
 109              		@ args = 0, pretend = 0, frame = 0
 110              		@ frame_needed = 0, uses_anonymous_args = 0
 111              		@ link register save eliminated.
  25:Core/Src/main.c ****     return g_milliseconds;
 112              		.loc 1 25 5 view .LVU18
 113              		.loc 1 25 12 is_stmt 0 view .LVU19
 114 0000 014B     		ldr	r3, .L9
 115 0002 1868     		ldr	r0, [r3]
  26:Core/Src/main.c **** }
 116              		.loc 1 26 1 view .LVU20
 117 0004 7047     		bx	lr
 118              	.L10:
 119 0006 00BF     		.align	2
 120              	.L9:
 121 0008 00000000 		.word	g_milliseconds
 122              		.cfi_endproc
 123              	.LFE2:
 125              		.global	__aeabi_fcmpeq
 126              		.global	__aeabi_fdiv
 127              		.global	__aeabi_ui2f
 128              		.global	__aeabi_fcmpge
 129              		.section	.text.LED_R_Blink,"ax",%progbits
 130              		.align	1
 131              		.global	LED_R_Blink
 132              		.syntax unified
 133              		.thumb
 134              		.thumb_func
 136              	LED_R_Blink:
 137              	.LVL0:
 138              	.LFB3:
  27:Core/Src/main.c **** 
  28:Core/Src/main.c **** 
  29:Core/Src/main.c **** #define GPIOA_BSRR (*(uint32_t*)(0x40010800 + 0x10))
  30:Core/Src/main.c **** 
  31:Core/Src/main.c **** #define LED_R_SET *(uint32_t*)(0x40010800 + 0x10) &= ~(1<<24);*(uint32_t*)(0x40010800 + 0x10) |= (1
  32:Core/Src/main.c **** #define LED_R_RESET   *(uint32_t*)(0x40010800 + 0x10) &= ~(1<<8);*(uint32_t*)(0x40010800 + 0x10) |=
  33:Core/Src/main.c **** 
  34:Core/Src/main.c **** #define LED_Y_SET *(uint32_t*)(0x40010800 + 0x10) &= ~(1<<25);*(uint32_t*)(0x40010800 + 0x10) |= (1
ARM GAS  C:\Users\khrip\AppData\Local\Temp\ccD05Ws9.s 			page 4


  35:Core/Src/main.c **** #define LED_Y_RESET   *(uint32_t*)(0x40010800 + 0x10) &= ~(1<<9);*(uint32_t*)(0x40010800 + 0x10) |=
  36:Core/Src/main.c **** 
  37:Core/Src/main.c **** #define LED_W_SET *(uint32_t*)(0x40010800 + 0x10) &= ~(1<<26);*(uint32_t*)(0x40010800 + 0x10) |= (1
  38:Core/Src/main.c **** #define LED_W_RESET   *(uint32_t*)(0x40010800 + 0x10) &= ~(1<<10);*(uint32_t*)(0x40010800 + 0x10) |
  39:Core/Src/main.c **** 
  40:Core/Src/main.c **** #define BUTT1_State_Check !((*(volatile uint32_t*)(0x40010800UL + 0x08UL)) & (1 << 4)) //GPIOA_IDR
  41:Core/Src/main.c **** #define BUTT2_State_Check !((*(volatile uint32_t*)(0x40010800UL + 0x08UL)) & (1 << 5)) //GPIOA_IDR
  42:Core/Src/main.c **** 
  43:Core/Src/main.c **** uint32_t LED_R_State = 0;
  44:Core/Src/main.c **** uint32_t LED_Y_State = 0;
  45:Core/Src/main.c **** uint32_t LED_W_State = 0;
  46:Core/Src/main.c **** 
  47:Core/Src/main.c **** uint8_t a1 = 0;
  48:Core/Src/main.c **** uint8_t a2 = 0;
  49:Core/Src/main.c **** uint8_t a3 = 0;
  50:Core/Src/main.c **** uint8_t a4 = 0;
  51:Core/Src/main.c **** 
  52:Core/Src/main.c **** // freq - частота мигания светодиода в Гц
  53:Core/Src/main.c **** void LED_R_Blink(float freq) {
 139              		.loc 1 53 30 is_stmt 1 view -0
 140              		.cfi_startproc
 141              		@ args = 0, pretend = 0, frame = 0
 142              		@ frame_needed = 0, uses_anonymous_args = 0
 143              		.loc 1 53 30 is_stmt 0 view .LVU22
 144 0000 10B5     		push	{r4, lr}
 145              	.LCFI0:
 146              		.cfi_def_cfa_offset 8
 147              		.cfi_offset 4, -8
 148              		.cfi_offset 14, -4
 149 0002 0446     		mov	r4, r0
  54:Core/Src/main.c ****     static uint32_t last_toggle = 0;
 150              		.loc 1 54 5 is_stmt 1 view .LVU23
  55:Core/Src/main.c ****     static uint8_t led_state = 0;
 151              		.loc 1 55 5 view .LVU24
  56:Core/Src/main.c ****     
  57:Core/Src/main.c ****     // Защита от деления на ноль
  58:Core/Src/main.c ****     if (freq == 0) return;
 152              		.loc 1 58 5 view .LVU25
 153              		.loc 1 58 8 is_stmt 0 view .LVU26
 154 0004 0021     		movs	r1, #0
 155 0006 FFF7FEFF 		bl	__aeabi_fcmpeq
 156              	.LVL1:
 157              		.loc 1 58 8 view .LVU27
 158 000a 00B1     		cbz	r0, .L18
 159              	.LVL2:
 160              	.L11:
  59:Core/Src/main.c ****     
  60:Core/Src/main.c ****     // Период в миллисекундах = 1000 / freq
  61:Core/Src/main.c ****     // Полупериод (время включения/выключения) = период / 2
  62:Core/Src/main.c ****     float half_period_ms = 500 / freq;
  63:Core/Src/main.c ****     a1 = 1;
  64:Core/Src/main.c ****     // Проверяем, прошло ли нужное время
  65:Core/Src/main.c ****     if ((millis() - last_toggle) >= half_period_ms) {
  66:Core/Src/main.c ****         led_state = !led_state;
  67:Core/Src/main.c ****         a2 = 1;
  68:Core/Src/main.c ****         if (led_state) {
  69:Core/Src/main.c ****             LED_R_SET;
ARM GAS  C:\Users\khrip\AppData\Local\Temp\ccD05Ws9.s 			page 5


  70:Core/Src/main.c ****             a3 = 1;
  71:Core/Src/main.c ****         } else {
  72:Core/Src/main.c ****             LED_R_RESET;
  73:Core/Src/main.c ****             a4 = 1;
  74:Core/Src/main.c ****         }
  75:Core/Src/main.c **** 
  76:Core/Src/main.c ****         last_toggle = millis();
  77:Core/Src/main.c ****     }
  78:Core/Src/main.c **** }
 161              		.loc 1 78 1 view .LVU28
 162 000c 10BD     		pop	{r4, pc}
 163              	.LVL3:
 164              	.L18:
  62:Core/Src/main.c ****     a1 = 1;
 165              		.loc 1 62 5 is_stmt 1 view .LVU29
  62:Core/Src/main.c ****     a1 = 1;
 166              		.loc 1 62 11 is_stmt 0 view .LVU30
 167 000e 2146     		mov	r1, r4
 168 0010 1E48     		ldr	r0, .L19
 169 0012 FFF7FEFF 		bl	__aeabi_fdiv
 170              	.LVL4:
 171 0016 0446     		mov	r4, r0
 172              	.LVL5:
  63:Core/Src/main.c ****     // Проверяем, прошло ли нужное время
 173              		.loc 1 63 5 is_stmt 1 view .LVU31
  63:Core/Src/main.c ****     // Проверяем, прошло ли нужное время
 174              		.loc 1 63 8 is_stmt 0 view .LVU32
 175 0018 1D4B     		ldr	r3, .L19+4
 176 001a 0122     		movs	r2, #1
 177 001c 1A70     		strb	r2, [r3]
  65:Core/Src/main.c ****         led_state = !led_state;
 178              		.loc 1 65 5 is_stmt 1 view .LVU33
  65:Core/Src/main.c ****         led_state = !led_state;
 179              		.loc 1 65 10 is_stmt 0 view .LVU34
 180 001e FFF7FEFF 		bl	millis
 181              	.LVL6:
  65:Core/Src/main.c ****         led_state = !led_state;
 182              		.loc 1 65 19 discriminator 1 view .LVU35
 183 0022 1C4B     		ldr	r3, .L19+8
 184 0024 1B68     		ldr	r3, [r3]
  65:Core/Src/main.c ****         led_state = !led_state;
 185              		.loc 1 65 34 discriminator 1 view .LVU36
 186 0026 C01A     		subs	r0, r0, r3
 187 0028 FFF7FEFF 		bl	__aeabi_ui2f
 188              	.LVL7:
  65:Core/Src/main.c ****         led_state = !led_state;
 189              		.loc 1 65 8 discriminator 1 view .LVU37
 190 002c 2146     		mov	r1, r4
 191 002e FFF7FEFF 		bl	__aeabi_fcmpge
 192              	.LVL8:
 193 0032 0028     		cmp	r0, #0
 194 0034 EAD0     		beq	.L11
  66:Core/Src/main.c ****         a2 = 1;
 195              		.loc 1 66 9 is_stmt 1 view .LVU38
  66:Core/Src/main.c ****         a2 = 1;
 196              		.loc 1 66 21 is_stmt 0 view .LVU39
 197 0036 184A     		ldr	r2, .L19+12
ARM GAS  C:\Users\khrip\AppData\Local\Temp\ccD05Ws9.s 			page 6


 198 0038 1378     		ldrb	r3, [r2]	@ zero_extendqisi2
 199 003a B3FA83F3 		clz	r3, r3
 200 003e 5B09     		lsrs	r3, r3, #5
  66:Core/Src/main.c ****         a2 = 1;
 201              		.loc 1 66 19 view .LVU40
 202 0040 1370     		strb	r3, [r2]
  67:Core/Src/main.c ****         if (led_state) {
 203              		.loc 1 67 9 is_stmt 1 view .LVU41
  67:Core/Src/main.c ****         if (led_state) {
 204              		.loc 1 67 12 is_stmt 0 view .LVU42
 205 0042 164A     		ldr	r2, .L19+16
 206 0044 0121     		movs	r1, #1
 207 0046 1170     		strb	r1, [r2]
  68:Core/Src/main.c ****             LED_R_SET;
 208              		.loc 1 68 9 is_stmt 1 view .LVU43
  68:Core/Src/main.c ****             LED_R_SET;
 209              		.loc 1 68 12 is_stmt 0 view .LVU44
 210 0048 8BB1     		cbz	r3, .L14
  69:Core/Src/main.c ****             a3 = 1;
 211              		.loc 1 69 13 is_stmt 1 view .LVU45
 212 004a 154A     		ldr	r2, .L19+20
 213 004c D2F81038 		ldr	r3, [r2, #2064]
 214 0050 23F08073 		bic	r3, r3, #16777216
 215 0054 C2F81038 		str	r3, [r2, #2064]
  69:Core/Src/main.c ****             a3 = 1;
 216              		.loc 1 69 13 view .LVU46
 217 0058 43F48073 		orr	r3, r3, #256
 218 005c C2F81038 		str	r3, [r2, #2064]
  70:Core/Src/main.c ****         } else {
 219              		.loc 1 70 13 view .LVU47
  70:Core/Src/main.c ****         } else {
 220              		.loc 1 70 16 is_stmt 0 view .LVU48
 221 0060 104B     		ldr	r3, .L19+24
 222 0062 1970     		strb	r1, [r3]
 223              	.L15:
  76:Core/Src/main.c ****     }
 224              		.loc 1 76 9 is_stmt 1 view .LVU49
  76:Core/Src/main.c ****     }
 225              		.loc 1 76 23 is_stmt 0 view .LVU50
 226 0064 FFF7FEFF 		bl	millis
 227              	.LVL9:
  76:Core/Src/main.c ****     }
 228              		.loc 1 76 21 discriminator 1 view .LVU51
 229 0068 0A4B     		ldr	r3, .L19+8
 230 006a 1860     		str	r0, [r3]
 231 006c CEE7     		b	.L11
 232              	.L14:
  72:Core/Src/main.c ****             a4 = 1;
 233              		.loc 1 72 13 is_stmt 1 view .LVU52
 234 006e 0C4A     		ldr	r2, .L19+20
 235 0070 D2F81038 		ldr	r3, [r2, #2064]
 236 0074 23F48073 		bic	r3, r3, #256
 237 0078 C2F81038 		str	r3, [r2, #2064]
  72:Core/Src/main.c ****             a4 = 1;
 238              		.loc 1 72 13 view .LVU53
 239 007c 43F08073 		orr	r3, r3, #16777216
 240 0080 C2F81038 		str	r3, [r2, #2064]
ARM GAS  C:\Users\khrip\AppData\Local\Temp\ccD05Ws9.s 			page 7


  73:Core/Src/main.c ****         }
 241              		.loc 1 73 13 view .LVU54
  73:Core/Src/main.c ****         }
 242              		.loc 1 73 16 is_stmt 0 view .LVU55
 243 0084 084B     		ldr	r3, .L19+28
 244 0086 0122     		movs	r2, #1
 245 0088 1A70     		strb	r2, [r3]
 246 008a EBE7     		b	.L15
 247              	.L20:
 248              		.align	2
 249              	.L19:
 250 008c 0000FA43 		.word	1140457472
 251 0090 00000000 		.word	a1
 252 0094 00000000 		.word	last_toggle.10
 253 0098 00000000 		.word	led_state.9
 254 009c 00000000 		.word	a2
 255 00a0 00000140 		.word	1073807360
 256 00a4 00000000 		.word	a3
 257 00a8 00000000 		.word	a4
 258              		.cfi_endproc
 259              	.LFE3:
 261              		.section	.text.LED_Y_Blink,"ax",%progbits
 262              		.align	1
 263              		.global	LED_Y_Blink
 264              		.syntax unified
 265              		.thumb
 266              		.thumb_func
 268              	LED_Y_Blink:
 269              	.LVL10:
 270              	.LFB4:
  79:Core/Src/main.c **** 
  80:Core/Src/main.c **** void LED_Y_Blink(float freq) {
 271              		.loc 1 80 30 is_stmt 1 view -0
 272              		.cfi_startproc
 273              		@ args = 0, pretend = 0, frame = 0
 274              		@ frame_needed = 0, uses_anonymous_args = 0
 275              		.loc 1 80 30 is_stmt 0 view .LVU57
 276 0000 10B5     		push	{r4, lr}
 277              	.LCFI1:
 278              		.cfi_def_cfa_offset 8
 279              		.cfi_offset 4, -8
 280              		.cfi_offset 14, -4
 281 0002 0446     		mov	r4, r0
  81:Core/Src/main.c ****     static uint32_t last_toggle = 0;
 282              		.loc 1 81 5 is_stmt 1 view .LVU58
  82:Core/Src/main.c ****     static uint8_t led_state = 0;
 283              		.loc 1 82 5 view .LVU59
  83:Core/Src/main.c ****     
  84:Core/Src/main.c ****     // Защита от деления на ноль
  85:Core/Src/main.c ****     if (freq == 0) return;
 284              		.loc 1 85 5 view .LVU60
 285              		.loc 1 85 8 is_stmt 0 view .LVU61
 286 0004 0021     		movs	r1, #0
 287 0006 FFF7FEFF 		bl	__aeabi_fcmpeq
 288              	.LVL11:
 289              		.loc 1 85 8 view .LVU62
 290 000a 00B1     		cbz	r0, .L28
ARM GAS  C:\Users\khrip\AppData\Local\Temp\ccD05Ws9.s 			page 8


 291              	.LVL12:
 292              	.L21:
  86:Core/Src/main.c ****     
  87:Core/Src/main.c ****     // Период в миллисекундах = 1000 / freq
  88:Core/Src/main.c ****     // Полупериод (время включения/выключения) = период / 2
  89:Core/Src/main.c ****     float half_period_ms = 500 / freq;
  90:Core/Src/main.c ****     
  91:Core/Src/main.c ****     // Проверяем, прошло ли нужное время
  92:Core/Src/main.c ****     if ((millis() - last_toggle) >= half_period_ms) {
  93:Core/Src/main.c ****         led_state = !led_state;
  94:Core/Src/main.c **** 
  95:Core/Src/main.c ****         if (led_state) {
  96:Core/Src/main.c ****             LED_Y_SET;
  97:Core/Src/main.c ****         } else {
  98:Core/Src/main.c ****             LED_Y_RESET;
  99:Core/Src/main.c ****         }
 100:Core/Src/main.c ****         
 101:Core/Src/main.c ****         last_toggle = millis();
 102:Core/Src/main.c ****     }
 103:Core/Src/main.c **** }
 293              		.loc 1 103 1 view .LVU63
 294 000c 10BD     		pop	{r4, pc}
 295              	.LVL13:
 296              	.L28:
  89:Core/Src/main.c ****     
 297              		.loc 1 89 5 is_stmt 1 view .LVU64
  89:Core/Src/main.c ****     
 298              		.loc 1 89 11 is_stmt 0 view .LVU65
 299 000e 2146     		mov	r1, r4
 300 0010 1948     		ldr	r0, .L29
 301 0012 FFF7FEFF 		bl	__aeabi_fdiv
 302              	.LVL14:
 303 0016 0446     		mov	r4, r0
 304              	.LVL15:
  92:Core/Src/main.c ****         led_state = !led_state;
 305              		.loc 1 92 5 is_stmt 1 view .LVU66
  92:Core/Src/main.c ****         led_state = !led_state;
 306              		.loc 1 92 10 is_stmt 0 view .LVU67
 307 0018 FFF7FEFF 		bl	millis
 308              	.LVL16:
  92:Core/Src/main.c ****         led_state = !led_state;
 309              		.loc 1 92 19 discriminator 1 view .LVU68
 310 001c 174B     		ldr	r3, .L29+4
 311 001e 1B68     		ldr	r3, [r3]
  92:Core/Src/main.c ****         led_state = !led_state;
 312              		.loc 1 92 34 discriminator 1 view .LVU69
 313 0020 C01A     		subs	r0, r0, r3
 314 0022 FFF7FEFF 		bl	__aeabi_ui2f
 315              	.LVL17:
  92:Core/Src/main.c ****         led_state = !led_state;
 316              		.loc 1 92 8 discriminator 1 view .LVU70
 317 0026 2146     		mov	r1, r4
 318 0028 FFF7FEFF 		bl	__aeabi_fcmpge
 319              	.LVL18:
 320 002c 0028     		cmp	r0, #0
 321 002e EDD0     		beq	.L21
  93:Core/Src/main.c **** 
ARM GAS  C:\Users\khrip\AppData\Local\Temp\ccD05Ws9.s 			page 9


 322              		.loc 1 93 9 is_stmt 1 view .LVU71
  93:Core/Src/main.c **** 
 323              		.loc 1 93 21 is_stmt 0 view .LVU72
 324 0030 134A     		ldr	r2, .L29+8
 325 0032 1378     		ldrb	r3, [r2]	@ zero_extendqisi2
 326 0034 B3FA83F3 		clz	r3, r3
 327 0038 5B09     		lsrs	r3, r3, #5
  93:Core/Src/main.c **** 
 328              		.loc 1 93 19 view .LVU73
 329 003a 1370     		strb	r3, [r2]
  95:Core/Src/main.c ****             LED_Y_SET;
 330              		.loc 1 95 9 is_stmt 1 view .LVU74
  95:Core/Src/main.c ****             LED_Y_SET;
 331              		.loc 1 95 12 is_stmt 0 view .LVU75
 332 003c 7BB1     		cbz	r3, .L24
  96:Core/Src/main.c ****         } else {
 333              		.loc 1 96 13 is_stmt 1 view .LVU76
 334 003e 114A     		ldr	r2, .L29+12
 335 0040 D2F81038 		ldr	r3, [r2, #2064]
 336 0044 23F00073 		bic	r3, r3, #33554432
 337 0048 C2F81038 		str	r3, [r2, #2064]
  96:Core/Src/main.c ****         } else {
 338              		.loc 1 96 13 view .LVU77
 339 004c 43F40073 		orr	r3, r3, #512
 340 0050 C2F81038 		str	r3, [r2, #2064]
 341              	.L25:
 101:Core/Src/main.c ****     }
 342              		.loc 1 101 9 view .LVU78
 101:Core/Src/main.c ****     }
 343              		.loc 1 101 23 is_stmt 0 view .LVU79
 344 0054 FFF7FEFF 		bl	millis
 345              	.LVL19:
 101:Core/Src/main.c ****     }
 346              		.loc 1 101 21 discriminator 1 view .LVU80
 347 0058 084B     		ldr	r3, .L29+4
 348 005a 1860     		str	r0, [r3]
 349 005c D6E7     		b	.L21
 350              	.L24:
  98:Core/Src/main.c ****         }
 351              		.loc 1 98 13 is_stmt 1 view .LVU81
 352 005e 094A     		ldr	r2, .L29+12
 353 0060 D2F81038 		ldr	r3, [r2, #2064]
 354 0064 23F40073 		bic	r3, r3, #512
 355 0068 C2F81038 		str	r3, [r2, #2064]
  98:Core/Src/main.c ****         }
 356              		.loc 1 98 13 view .LVU82
 357 006c 43F00073 		orr	r3, r3, #33554432
 358 0070 C2F81038 		str	r3, [r2, #2064]
 359 0074 EEE7     		b	.L25
 360              	.L30:
 361 0076 00BF     		.align	2
 362              	.L29:
 363 0078 0000FA43 		.word	1140457472
 364 007c 00000000 		.word	last_toggle.8
 365 0080 00000000 		.word	led_state.7
 366 0084 00000140 		.word	1073807360
 367              		.cfi_endproc
ARM GAS  C:\Users\khrip\AppData\Local\Temp\ccD05Ws9.s 			page 10


 368              	.LFE4:
 370              		.section	.text.LED_W_Blink,"ax",%progbits
 371              		.align	1
 372              		.global	LED_W_Blink
 373              		.syntax unified
 374              		.thumb
 375              		.thumb_func
 377              	LED_W_Blink:
 378              	.LVL20:
 379              	.LFB5:
 104:Core/Src/main.c **** 
 105:Core/Src/main.c **** void LED_W_Blink(float freq) {
 380              		.loc 1 105 30 view -0
 381              		.cfi_startproc
 382              		@ args = 0, pretend = 0, frame = 0
 383              		@ frame_needed = 0, uses_anonymous_args = 0
 384              		.loc 1 105 30 is_stmt 0 view .LVU84
 385 0000 10B5     		push	{r4, lr}
 386              	.LCFI2:
 387              		.cfi_def_cfa_offset 8
 388              		.cfi_offset 4, -8
 389              		.cfi_offset 14, -4
 390 0002 0446     		mov	r4, r0
 106:Core/Src/main.c ****     static uint32_t last_toggle = 0;
 391              		.loc 1 106 5 is_stmt 1 view .LVU85
 107:Core/Src/main.c ****     static uint8_t led_state = 0;
 392              		.loc 1 107 5 view .LVU86
 108:Core/Src/main.c ****     
 109:Core/Src/main.c ****     // Защита от деления на ноль
 110:Core/Src/main.c ****     if (freq == 0) return;
 393              		.loc 1 110 5 view .LVU87
 394              		.loc 1 110 8 is_stmt 0 view .LVU88
 395 0004 0021     		movs	r1, #0
 396 0006 FFF7FEFF 		bl	__aeabi_fcmpeq
 397              	.LVL21:
 398              		.loc 1 110 8 view .LVU89
 399 000a 00B1     		cbz	r0, .L38
 400              	.LVL22:
 401              	.L31:
 111:Core/Src/main.c ****     
 112:Core/Src/main.c ****     // Период в миллисекундах = 1000 / freq
 113:Core/Src/main.c ****     // Полупериод (время включения/выключения) = период / 2
 114:Core/Src/main.c ****     float half_period_ms = 500 / freq;
 115:Core/Src/main.c ****     
 116:Core/Src/main.c ****     // Проверяем, прошло ли нужное время
 117:Core/Src/main.c ****     if ((millis() - last_toggle) >= half_period_ms) {
 118:Core/Src/main.c ****         led_state = !led_state;
 119:Core/Src/main.c **** 
 120:Core/Src/main.c ****         if (led_state) {
 121:Core/Src/main.c ****             LED_W_SET;
 122:Core/Src/main.c ****         } else {
 123:Core/Src/main.c ****             LED_W_RESET;
 124:Core/Src/main.c ****         }
 125:Core/Src/main.c ****         
 126:Core/Src/main.c ****         last_toggle = millis();
 127:Core/Src/main.c ****     }
 128:Core/Src/main.c **** }
ARM GAS  C:\Users\khrip\AppData\Local\Temp\ccD05Ws9.s 			page 11


 402              		.loc 1 128 1 view .LVU90
 403 000c 10BD     		pop	{r4, pc}
 404              	.LVL23:
 405              	.L38:
 114:Core/Src/main.c ****     
 406              		.loc 1 114 5 is_stmt 1 view .LVU91
 114:Core/Src/main.c ****     
 407              		.loc 1 114 11 is_stmt 0 view .LVU92
 408 000e 2146     		mov	r1, r4
 409 0010 1948     		ldr	r0, .L39
 410 0012 FFF7FEFF 		bl	__aeabi_fdiv
 411              	.LVL24:
 412 0016 0446     		mov	r4, r0
 413              	.LVL25:
 117:Core/Src/main.c ****         led_state = !led_state;
 414              		.loc 1 117 5 is_stmt 1 view .LVU93
 117:Core/Src/main.c ****         led_state = !led_state;
 415              		.loc 1 117 10 is_stmt 0 view .LVU94
 416 0018 FFF7FEFF 		bl	millis
 417              	.LVL26:
 117:Core/Src/main.c ****         led_state = !led_state;
 418              		.loc 1 117 19 discriminator 1 view .LVU95
 419 001c 174B     		ldr	r3, .L39+4
 420 001e 1B68     		ldr	r3, [r3]
 117:Core/Src/main.c ****         led_state = !led_state;
 421              		.loc 1 117 34 discriminator 1 view .LVU96
 422 0020 C01A     		subs	r0, r0, r3
 423 0022 FFF7FEFF 		bl	__aeabi_ui2f
 424              	.LVL27:
 117:Core/Src/main.c ****         led_state = !led_state;
 425              		.loc 1 117 8 discriminator 1 view .LVU97
 426 0026 2146     		mov	r1, r4
 427 0028 FFF7FEFF 		bl	__aeabi_fcmpge
 428              	.LVL28:
 429 002c 0028     		cmp	r0, #0
 430 002e EDD0     		beq	.L31
 118:Core/Src/main.c **** 
 431              		.loc 1 118 9 is_stmt 1 view .LVU98
 118:Core/Src/main.c **** 
 432              		.loc 1 118 21 is_stmt 0 view .LVU99
 433 0030 134A     		ldr	r2, .L39+8
 434 0032 1378     		ldrb	r3, [r2]	@ zero_extendqisi2
 435 0034 B3FA83F3 		clz	r3, r3
 436 0038 5B09     		lsrs	r3, r3, #5
 118:Core/Src/main.c **** 
 437              		.loc 1 118 19 view .LVU100
 438 003a 1370     		strb	r3, [r2]
 120:Core/Src/main.c ****             LED_W_SET;
 439              		.loc 1 120 9 is_stmt 1 view .LVU101
 120:Core/Src/main.c ****             LED_W_SET;
 440              		.loc 1 120 12 is_stmt 0 view .LVU102
 441 003c 7BB1     		cbz	r3, .L34
 121:Core/Src/main.c ****         } else {
 442              		.loc 1 121 13 is_stmt 1 view .LVU103
 443 003e 114A     		ldr	r2, .L39+12
 444 0040 D2F81038 		ldr	r3, [r2, #2064]
 445 0044 23F08063 		bic	r3, r3, #67108864
ARM GAS  C:\Users\khrip\AppData\Local\Temp\ccD05Ws9.s 			page 12


 446 0048 C2F81038 		str	r3, [r2, #2064]
 121:Core/Src/main.c ****         } else {
 447              		.loc 1 121 13 view .LVU104
 448 004c 43F48063 		orr	r3, r3, #1024
 449 0050 C2F81038 		str	r3, [r2, #2064]
 450              	.L35:
 126:Core/Src/main.c ****     }
 451              		.loc 1 126 9 view .LVU105
 126:Core/Src/main.c ****     }
 452              		.loc 1 126 23 is_stmt 0 view .LVU106
 453 0054 FFF7FEFF 		bl	millis
 454              	.LVL29:
 126:Core/Src/main.c ****     }
 455              		.loc 1 126 21 discriminator 1 view .LVU107
 456 0058 084B     		ldr	r3, .L39+4
 457 005a 1860     		str	r0, [r3]
 458 005c D6E7     		b	.L31
 459              	.L34:
 123:Core/Src/main.c ****         }
 460              		.loc 1 123 13 is_stmt 1 view .LVU108
 461 005e 094A     		ldr	r2, .L39+12
 462 0060 D2F81038 		ldr	r3, [r2, #2064]
 463 0064 23F48063 		bic	r3, r3, #1024
 464 0068 C2F81038 		str	r3, [r2, #2064]
 123:Core/Src/main.c ****         }
 465              		.loc 1 123 13 view .LVU109
 466 006c 43F08063 		orr	r3, r3, #67108864
 467 0070 C2F81038 		str	r3, [r2, #2064]
 468 0074 EEE7     		b	.L35
 469              	.L40:
 470 0076 00BF     		.align	2
 471              	.L39:
 472 0078 0000FA43 		.word	1140457472
 473 007c 00000000 		.word	last_toggle.6
 474 0080 00000000 		.word	led_state.5
 475 0084 00000140 		.word	1073807360
 476              		.cfi_endproc
 477              	.LFE5:
 479              		.section	.text.LED_Blink,"ax",%progbits
 480              		.align	1
 481              		.global	LED_Blink
 482              		.syntax unified
 483              		.thumb
 484              		.thumb_func
 486              	LED_Blink:
 487              	.LVL30:
 488              	.LFB6:
 129:Core/Src/main.c **** 
 130:Core/Src/main.c **** void LED_Blink(uint8_t Number, float freq[3]) {
 489              		.loc 1 130 47 view -0
 490              		.cfi_startproc
 491              		@ args = 0, pretend = 0, frame = 0
 492              		@ frame_needed = 0, uses_anonymous_args = 0
 493              		.loc 1 130 47 is_stmt 0 view .LVU111
 494 0000 08B5     		push	{r3, lr}
 495              	.LCFI3:
 496              		.cfi_def_cfa_offset 8
ARM GAS  C:\Users\khrip\AppData\Local\Temp\ccD05Ws9.s 			page 13


 497              		.cfi_offset 3, -8
 498              		.cfi_offset 14, -4
 131:Core/Src/main.c ****     switch (Number)
 499              		.loc 1 131 5 is_stmt 1 view .LVU112
 500 0002 0128     		cmp	r0, #1
 501 0004 06D0     		beq	.L42
 502 0006 0228     		cmp	r0, #2
 503 0008 08D0     		beq	.L43
 504 000a 10B9     		cbnz	r0, .L41
 132:Core/Src/main.c ****     {
 133:Core/Src/main.c ****     case 0:
 134:Core/Src/main.c ****         LED_R_Blink(freq[0]);
 505              		.loc 1 134 9 view .LVU113
 506 000c 0868     		ldr	r0, [r1]	@ float
 507              	.LVL31:
 508              		.loc 1 134 9 is_stmt 0 view .LVU114
 509 000e FFF7FEFF 		bl	LED_R_Blink
 510              	.LVL32:
 135:Core/Src/main.c ****         break;
 511              		.loc 1 135 9 is_stmt 1 view .LVU115
 512              	.L41:
 136:Core/Src/main.c ****     
 137:Core/Src/main.c ****     case 1:
 138:Core/Src/main.c ****         LED_Y_Blink(freq[1]);
 139:Core/Src/main.c ****         break;
 140:Core/Src/main.c **** 
 141:Core/Src/main.c ****     case 2:
 142:Core/Src/main.c ****         LED_W_Blink(freq[2]);
 143:Core/Src/main.c ****         break;
 144:Core/Src/main.c ****     
 145:Core/Src/main.c ****     default:
 146:Core/Src/main.c ****         break;
 147:Core/Src/main.c ****     }
 148:Core/Src/main.c **** }
 513              		.loc 1 148 1 is_stmt 0 view .LVU116
 514 0012 08BD     		pop	{r3, pc}
 515              	.LVL33:
 516              	.L42:
 138:Core/Src/main.c ****         break;
 517              		.loc 1 138 9 is_stmt 1 view .LVU117
 518 0014 4868     		ldr	r0, [r1, #4]	@ float
 519              	.LVL34:
 138:Core/Src/main.c ****         break;
 520              		.loc 1 138 9 is_stmt 0 view .LVU118
 521 0016 FFF7FEFF 		bl	LED_Y_Blink
 522              	.LVL35:
 139:Core/Src/main.c **** 
 523              		.loc 1 139 9 is_stmt 1 view .LVU119
 524 001a FAE7     		b	.L41
 525              	.LVL36:
 526              	.L43:
 142:Core/Src/main.c ****         break;
 527              		.loc 1 142 9 view .LVU120
 528 001c 8868     		ldr	r0, [r1, #8]	@ float
 529              	.LVL37:
 142:Core/Src/main.c ****         break;
 530              		.loc 1 142 9 is_stmt 0 view .LVU121
ARM GAS  C:\Users\khrip\AppData\Local\Temp\ccD05Ws9.s 			page 14


 531 001e FFF7FEFF 		bl	LED_W_Blink
 532              	.LVL38:
 143:Core/Src/main.c ****     
 533              		.loc 1 143 9 is_stmt 1 view .LVU122
 534              		.loc 1 148 1 is_stmt 0 view .LVU123
 535 0022 F6E7     		b	.L41
 536              		.cfi_endproc
 537              	.LFE6:
 539              		.section	.text.Delay,"ax",%progbits
 540              		.align	1
 541              		.global	Delay
 542              		.syntax unified
 543              		.thumb
 544              		.thumb_func
 546              	Delay:
 547              	.LVL39:
 548              	.LFB8:
 149:Core/Src/main.c **** 
 150:Core/Src/main.c **** void LED_Sparkle(uint8_t Number) {
 151:Core/Src/main.c ****     switch (Number)
 152:Core/Src/main.c ****     {
 153:Core/Src/main.c ****     case 0:
 154:Core/Src/main.c ****         LED_R_SET;
 155:Core/Src/main.c ****         Delay(20);
 156:Core/Src/main.c ****         LED_R_RESET;
 157:Core/Src/main.c ****         Delay(20);
 158:Core/Src/main.c ****         LED_R_SET;
 159:Core/Src/main.c ****         Delay(20);
 160:Core/Src/main.c ****         LED_R_RESET;
 161:Core/Src/main.c ****         break;
 162:Core/Src/main.c ****     
 163:Core/Src/main.c ****     case 1:
 164:Core/Src/main.c ****         LED_Y_SET;
 165:Core/Src/main.c ****         Delay(20);
 166:Core/Src/main.c ****         LED_Y_RESET;
 167:Core/Src/main.c ****         Delay(20);
 168:Core/Src/main.c ****         LED_Y_SET;
 169:Core/Src/main.c ****         Delay(20);
 170:Core/Src/main.c ****         LED_Y_RESET;
 171:Core/Src/main.c ****         break;
 172:Core/Src/main.c **** 
 173:Core/Src/main.c ****     case 2:
 174:Core/Src/main.c ****         LED_W_SET;
 175:Core/Src/main.c ****         Delay(20);
 176:Core/Src/main.c ****         LED_W_RESET;
 177:Core/Src/main.c ****         Delay(20);
 178:Core/Src/main.c ****         LED_W_SET;
 179:Core/Src/main.c ****         Delay(20);
 180:Core/Src/main.c ****         LED_W_RESET;
 181:Core/Src/main.c ****         break;
 182:Core/Src/main.c ****     
 183:Core/Src/main.c ****     default:
 184:Core/Src/main.c ****         break;
 185:Core/Src/main.c ****     }
 186:Core/Src/main.c **** }
 187:Core/Src/main.c **** 
 188:Core/Src/main.c **** void Delay(uint32_t ms)
ARM GAS  C:\Users\khrip\AppData\Local\Temp\ccD05Ws9.s 			page 15


 189:Core/Src/main.c **** {
 549              		.loc 1 189 1 is_stmt 1 view -0
 550              		.cfi_startproc
 551              		@ args = 0, pretend = 0, frame = 0
 552              		@ frame_needed = 0, uses_anonymous_args = 0
 553              		@ link register save eliminated.
 190:Core/Src/main.c ****     for (uint32_t i = 0; i < ms * ITERATIONS_PER_MS; i++)
 554              		.loc 1 190 5 view .LVU125
 555              	.LBB2:
 556              		.loc 1 190 10 view .LVU126
 557              		.loc 1 190 19 is_stmt 0 view .LVU127
 558 0000 0022     		movs	r2, #0
 559              		.loc 1 190 5 view .LVU128
 560 0002 01E0     		b	.L47
 561              	.LVL40:
 562              	.L48:
 191:Core/Src/main.c ****     {
 192:Core/Src/main.c ****         __asm__("nop");
 563              		.loc 1 192 9 is_stmt 1 view .LVU129
 564              		.syntax unified
 565              	@ 192 "Core/Src/main.c" 1
 566 0004 00BF     		nop
 567              	@ 0 "" 2
 190:Core/Src/main.c ****     for (uint32_t i = 0; i < ms * ITERATIONS_PER_MS; i++)
 568              		.loc 1 190 55 discriminator 3 view .LVU130
 569              		.thumb
 570              		.syntax unified
 571 0006 0132     		adds	r2, r2, #1
 572              	.LVL41:
 573              	.L47:
 190:Core/Src/main.c ****     for (uint32_t i = 0; i < ms * ITERATIONS_PER_MS; i++)
 574              		.loc 1 190 28 discriminator 1 view .LVU131
 190:Core/Src/main.c ****     for (uint32_t i = 0; i < ms * ITERATIONS_PER_MS; i++)
 575              		.loc 1 190 33 is_stmt 0 discriminator 1 view .LVU132
 576 0008 00EB8003 		add	r3, r0, r0, lsl #2
 577 000c C3EBC303 		rsb	r3, r3, r3, lsl #3
 190:Core/Src/main.c ****     for (uint32_t i = 0; i < ms * ITERATIONS_PER_MS; i++)
 578              		.loc 1 190 28 discriminator 1 view .LVU133
 579 0010 9342     		cmp	r3, r2
 580 0012 F7D8     		bhi	.L48
 581              	.LBE2:
 193:Core/Src/main.c ****     }
 194:Core/Src/main.c **** }
 582              		.loc 1 194 1 view .LVU134
 583 0014 7047     		bx	lr
 584              		.cfi_endproc
 585              	.LFE8:
 587              		.section	.text.LED_Sparkle,"ax",%progbits
 588              		.align	1
 589              		.global	LED_Sparkle
 590              		.syntax unified
 591              		.thumb
 592              		.thumb_func
 594              	LED_Sparkle:
 595              	.LVL42:
 596              	.LFB7:
 150:Core/Src/main.c ****     switch (Number)
ARM GAS  C:\Users\khrip\AppData\Local\Temp\ccD05Ws9.s 			page 16


 597              		.loc 1 150 34 is_stmt 1 view -0
 598              		.cfi_startproc
 599              		@ args = 0, pretend = 0, frame = 0
 600              		@ frame_needed = 0, uses_anonymous_args = 0
 150:Core/Src/main.c ****     switch (Number)
 601              		.loc 1 150 34 is_stmt 0 view .LVU136
 602 0000 10B5     		push	{r4, lr}
 603              	.LCFI4:
 604              		.cfi_def_cfa_offset 8
 605              		.cfi_offset 4, -8
 606              		.cfi_offset 14, -4
 151:Core/Src/main.c ****     {
 607              		.loc 1 151 5 is_stmt 1 view .LVU137
 608 0002 0128     		cmp	r0, #1
 609 0004 35D0     		beq	.L50
 610 0006 0228     		cmp	r0, #2
 611 0008 66D0     		beq	.L51
 612 000a 88BB     		cbnz	r0, .L49
 613              	.LBB3:
 154:Core/Src/main.c ****         Delay(20);
 614              		.loc 1 154 9 view .LVU138
 615 000c 4C4C     		ldr	r4, .L54
 616 000e D4F81038 		ldr	r3, [r4, #2064]
 617 0012 23F08073 		bic	r3, r3, #16777216
 618 0016 C4F81038 		str	r3, [r4, #2064]
 154:Core/Src/main.c ****         Delay(20);
 619              		.loc 1 154 9 view .LVU139
 620 001a 43F48073 		orr	r3, r3, #256
 621 001e C4F81038 		str	r3, [r4, #2064]
 155:Core/Src/main.c ****         LED_R_RESET;
 622              		.loc 1 155 9 view .LVU140
 623 0022 1420     		movs	r0, #20
 624              	.LVL43:
 155:Core/Src/main.c ****         LED_R_RESET;
 625              		.loc 1 155 9 is_stmt 0 view .LVU141
 626 0024 FFF7FEFF 		bl	Delay
 627              	.LVL44:
 156:Core/Src/main.c ****         Delay(20);
 628              		.loc 1 156 9 is_stmt 1 view .LVU142
 629 0028 D4F81038 		ldr	r3, [r4, #2064]
 630 002c 23F48073 		bic	r3, r3, #256
 631 0030 C4F81038 		str	r3, [r4, #2064]
 156:Core/Src/main.c ****         Delay(20);
 632              		.loc 1 156 9 view .LVU143
 633 0034 43F08073 		orr	r3, r3, #16777216
 634 0038 C4F81038 		str	r3, [r4, #2064]
 157:Core/Src/main.c ****         LED_R_SET;
 635              		.loc 1 157 9 view .LVU144
 636 003c 1420     		movs	r0, #20
 637 003e FFF7FEFF 		bl	Delay
 638              	.LVL45:
 158:Core/Src/main.c ****         Delay(20);
 639              		.loc 1 158 9 view .LVU145
 640 0042 D4F81038 		ldr	r3, [r4, #2064]
 641 0046 23F08073 		bic	r3, r3, #16777216
 642 004a C4F81038 		str	r3, [r4, #2064]
 158:Core/Src/main.c ****         Delay(20);
ARM GAS  C:\Users\khrip\AppData\Local\Temp\ccD05Ws9.s 			page 17


 643              		.loc 1 158 9 view .LVU146
 644 004e 43F48073 		orr	r3, r3, #256
 645 0052 C4F81038 		str	r3, [r4, #2064]
 159:Core/Src/main.c ****         LED_R_RESET;
 646              		.loc 1 159 9 view .LVU147
 647 0056 1420     		movs	r0, #20
 648 0058 FFF7FEFF 		bl	Delay
 649              	.LVL46:
 160:Core/Src/main.c ****         break;
 650              		.loc 1 160 9 view .LVU148
 651 005c D4F81038 		ldr	r3, [r4, #2064]
 652 0060 23F48073 		bic	r3, r3, #256
 653 0064 C4F81038 		str	r3, [r4, #2064]
 160:Core/Src/main.c ****         break;
 654              		.loc 1 160 9 view .LVU149
 655 0068 43F08073 		orr	r3, r3, #16777216
 656 006c C4F81038 		str	r3, [r4, #2064]
 161:Core/Src/main.c ****     
 657              		.loc 1 161 9 view .LVU150
 658              	.L49:
 659              	.LBE3:
 186:Core/Src/main.c **** 
 660              		.loc 1 186 1 is_stmt 0 view .LVU151
 661 0070 10BD     		pop	{r4, pc}
 662              	.LVL47:
 663              	.L50:
 664              	.LBB4:
 164:Core/Src/main.c ****         Delay(20);
 665              		.loc 1 164 9 is_stmt 1 view .LVU152
 666 0072 334C     		ldr	r4, .L54
 667 0074 D4F81038 		ldr	r3, [r4, #2064]
 668 0078 23F00073 		bic	r3, r3, #33554432
 669 007c C4F81038 		str	r3, [r4, #2064]
 164:Core/Src/main.c ****         Delay(20);
 670              		.loc 1 164 9 view .LVU153
 671 0080 43F40073 		orr	r3, r3, #512
 672 0084 C4F81038 		str	r3, [r4, #2064]
 165:Core/Src/main.c ****         LED_Y_RESET;
 673              		.loc 1 165 9 view .LVU154
 674 0088 1420     		movs	r0, #20
 675              	.LVL48:
 165:Core/Src/main.c ****         LED_Y_RESET;
 676              		.loc 1 165 9 is_stmt 0 view .LVU155
 677 008a FFF7FEFF 		bl	Delay
 678              	.LVL49:
 166:Core/Src/main.c ****         Delay(20);
 679              		.loc 1 166 9 is_stmt 1 view .LVU156
 680 008e D4F81038 		ldr	r3, [r4, #2064]
 681 0092 23F40073 		bic	r3, r3, #512
 682 0096 C4F81038 		str	r3, [r4, #2064]
 166:Core/Src/main.c ****         Delay(20);
 683              		.loc 1 166 9 view .LVU157
 684 009a 43F00073 		orr	r3, r3, #33554432
 685 009e C4F81038 		str	r3, [r4, #2064]
 167:Core/Src/main.c ****         LED_Y_SET;
 686              		.loc 1 167 9 view .LVU158
 687 00a2 1420     		movs	r0, #20
ARM GAS  C:\Users\khrip\AppData\Local\Temp\ccD05Ws9.s 			page 18


 688 00a4 FFF7FEFF 		bl	Delay
 689              	.LVL50:
 168:Core/Src/main.c ****         Delay(20);
 690              		.loc 1 168 9 view .LVU159
 691 00a8 D4F81038 		ldr	r3, [r4, #2064]
 692 00ac 23F00073 		bic	r3, r3, #33554432
 693 00b0 C4F81038 		str	r3, [r4, #2064]
 168:Core/Src/main.c ****         Delay(20);
 694              		.loc 1 168 9 view .LVU160
 695 00b4 43F40073 		orr	r3, r3, #512
 696 00b8 C4F81038 		str	r3, [r4, #2064]
 169:Core/Src/main.c ****         LED_Y_RESET;
 697              		.loc 1 169 9 view .LVU161
 698 00bc 1420     		movs	r0, #20
 699 00be FFF7FEFF 		bl	Delay
 700              	.LVL51:
 170:Core/Src/main.c ****         break;
 701              		.loc 1 170 9 view .LVU162
 702 00c2 D4F81038 		ldr	r3, [r4, #2064]
 703 00c6 23F40073 		bic	r3, r3, #512
 704 00ca C4F81038 		str	r3, [r4, #2064]
 170:Core/Src/main.c ****         break;
 705              		.loc 1 170 9 view .LVU163
 706 00ce 43F00073 		orr	r3, r3, #33554432
 707 00d2 C4F81038 		str	r3, [r4, #2064]
 171:Core/Src/main.c **** 
 708              		.loc 1 171 9 view .LVU164
 709 00d6 CBE7     		b	.L49
 710              	.LVL52:
 711              	.L51:
 174:Core/Src/main.c ****         Delay(20);
 712              		.loc 1 174 9 view .LVU165
 713 00d8 194C     		ldr	r4, .L54
 714 00da D4F81038 		ldr	r3, [r4, #2064]
 715 00de 23F08063 		bic	r3, r3, #67108864
 716 00e2 C4F81038 		str	r3, [r4, #2064]
 174:Core/Src/main.c ****         Delay(20);
 717              		.loc 1 174 9 view .LVU166
 718 00e6 43F48063 		orr	r3, r3, #1024
 719 00ea C4F81038 		str	r3, [r4, #2064]
 175:Core/Src/main.c ****         LED_W_RESET;
 720              		.loc 1 175 9 view .LVU167
 721 00ee 1420     		movs	r0, #20
 722              	.LVL53:
 175:Core/Src/main.c ****         LED_W_RESET;
 723              		.loc 1 175 9 is_stmt 0 view .LVU168
 724 00f0 FFF7FEFF 		bl	Delay
 725              	.LVL54:
 176:Core/Src/main.c ****         Delay(20);
 726              		.loc 1 176 9 is_stmt 1 view .LVU169
 727 00f4 D4F81038 		ldr	r3, [r4, #2064]
 728 00f8 23F48063 		bic	r3, r3, #1024
 729 00fc C4F81038 		str	r3, [r4, #2064]
 176:Core/Src/main.c ****         Delay(20);
 730              		.loc 1 176 9 view .LVU170
 731 0100 43F08063 		orr	r3, r3, #67108864
 732 0104 C4F81038 		str	r3, [r4, #2064]
ARM GAS  C:\Users\khrip\AppData\Local\Temp\ccD05Ws9.s 			page 19


 177:Core/Src/main.c ****         LED_W_SET;
 733              		.loc 1 177 9 view .LVU171
 734 0108 1420     		movs	r0, #20
 735 010a FFF7FEFF 		bl	Delay
 736              	.LVL55:
 178:Core/Src/main.c ****         Delay(20);
 737              		.loc 1 178 9 view .LVU172
 738 010e D4F81038 		ldr	r3, [r4, #2064]
 739 0112 23F08063 		bic	r3, r3, #67108864
 740 0116 C4F81038 		str	r3, [r4, #2064]
 178:Core/Src/main.c ****         Delay(20);
 741              		.loc 1 178 9 view .LVU173
 742 011a 43F48063 		orr	r3, r3, #1024
 743 011e C4F81038 		str	r3, [r4, #2064]
 179:Core/Src/main.c ****         LED_W_RESET;
 744              		.loc 1 179 9 view .LVU174
 745 0122 1420     		movs	r0, #20
 746 0124 FFF7FEFF 		bl	Delay
 747              	.LVL56:
 180:Core/Src/main.c ****         break;
 748              		.loc 1 180 9 view .LVU175
 749 0128 D4F81038 		ldr	r3, [r4, #2064]
 750 012c 23F48063 		bic	r3, r3, #1024
 751 0130 C4F81038 		str	r3, [r4, #2064]
 180:Core/Src/main.c ****         break;
 752              		.loc 1 180 9 view .LVU176
 753 0134 43F08063 		orr	r3, r3, #67108864
 754 0138 C4F81038 		str	r3, [r4, #2064]
 181:Core/Src/main.c ****     
 755              		.loc 1 181 9 view .LVU177
 756              	.LBE4:
 186:Core/Src/main.c **** 
 757              		.loc 1 186 1 is_stmt 0 view .LVU178
 758 013c 98E7     		b	.L49
 759              	.L55:
 760 013e 00BF     		.align	2
 761              	.L54:
 762 0140 00000140 		.word	1073807360
 763              		.cfi_endproc
 764              	.LFE7:
 766              		.section	.text.BUTT1_Handler,"ax",%progbits
 767              		.align	1
 768              		.global	BUTT1_Handler
 769              		.syntax unified
 770              		.thumb
 771              		.thumb_func
 773              	BUTT1_Handler:
 774              	.LFB9:
 195:Core/Src/main.c **** 
 196:Core/Src/main.c **** uint32_t BUTT1_State = 0;
 197:Core/Src/main.c **** uint32_t BUTT1_is_Clicked = 0;
 198:Core/Src/main.c **** uint32_t BUTT1_is_Pressed = 0;
 199:Core/Src/main.c **** 
 200:Core/Src/main.c **** 
 201:Core/Src/main.c **** uint32_t BUTT2_State = 0;
 202:Core/Src/main.c **** uint32_t BUTT2_is_Clicked = 0;
 203:Core/Src/main.c **** uint32_t BUTT2_is_Pressed = 0;
ARM GAS  C:\Users\khrip\AppData\Local\Temp\ccD05Ws9.s 			page 20


 204:Core/Src/main.c **** uint32_t mode = 0;
 205:Core/Src/main.c **** 
 206:Core/Src/main.c **** uint32_t LEDS_isActive[3] = {0, 0, 0};
 207:Core/Src/main.c **** float LEDS_freq [3] = {0.5, 0.5, 0.5}; 
 208:Core/Src/main.c **** int32_t LEDS_number = 0;
 209:Core/Src/main.c **** uint8_t prev_LEDS_number = 0;
 210:Core/Src/main.c **** 
 211:Core/Src/main.c **** uint8_t BUTT1_Handler(void) {
 775              		.loc 1 211 29 is_stmt 1 view -0
 776              		.cfi_startproc
 777              		@ args = 0, pretend = 0, frame = 0
 778              		@ frame_needed = 0, uses_anonymous_args = 0
 779 0000 10B5     		push	{r4, lr}
 780              	.LCFI5:
 781              		.cfi_def_cfa_offset 8
 782              		.cfi_offset 4, -8
 783              		.cfi_offset 14, -4
 212:Core/Src/main.c ****     static uint32_t press_start_time = 0;
 784              		.loc 1 212 5 view .LVU180
 213:Core/Src/main.c ****     static uint8_t prev_state = 0;
 785              		.loc 1 213 5 view .LVU181
 214:Core/Src/main.c **** 
 215:Core/Src/main.c ****     
 216:Core/Src/main.c ****     uint8_t current_state = BUTT1_State_Check;
 786              		.loc 1 216 5 view .LVU182
 787              		.loc 1 216 29 is_stmt 0 view .LVU183
 788 0002 244B     		ldr	r3, .L67
 789 0004 D3F80848 		ldr	r4, [r3, #2056]
 790              	.LVL57:
 217:Core/Src/main.c ****     
 218:Core/Src/main.c ****     // Кнопка только что нажата
 219:Core/Src/main.c ****     if (current_state && !prev_state) {
 791              		.loc 1 219 5 is_stmt 1 view .LVU184
 792              		.loc 1 219 8 is_stmt 0 view .LVU185
 793 0008 14F01004 		ands	r4, r4, #16
 794              	.LVL58:
 795              		.loc 1 219 8 view .LVU186
 796 000c 06D1     		bne	.L57
 797              		.loc 1 219 26 discriminator 1 view .LVU187
 798 000e 224B     		ldr	r3, .L67+4
 799 0010 1B78     		ldrb	r3, [r3]	@ zero_extendqisi2
 800              		.loc 1 219 23 discriminator 1 view .LVU188
 801 0012 83B1     		cbz	r3, .L64
 802              	.L58:
 220:Core/Src/main.c ****         press_start_time = millis();
 221:Core/Src/main.c ****         BUTT1_is_Clicked = 0;
 222:Core/Src/main.c ****         BUTT1_is_Pressed = 0;
 223:Core/Src/main.c ****         prev_state = 1;
 224:Core/Src/main.c ****     }
 225:Core/Src/main.c ****     
 226:Core/Src/main.c ****     // Кнопка удерживается
 227:Core/Src/main.c ****     if (current_state && prev_state) {
 803              		.loc 1 227 5 is_stmt 1 view .LVU189
 804              		.loc 1 227 8 is_stmt 0 view .LVU190
 805 0014 24B9     		cbnz	r4, .L59
 806              		.loc 1 227 23 discriminator 1 view .LVU191
 807 0016 204B     		ldr	r3, .L67+4
ARM GAS  C:\Users\khrip\AppData\Local\Temp\ccD05Ws9.s 			page 21


 808 0018 1B78     		ldrb	r3, [r3]	@ zero_extendqisi2
 809 001a CBB9     		cbnz	r3, .L65
 810              	.L57:
 228:Core/Src/main.c ****         // Проверяем, прошла ли 1 секунда
 229:Core/Src/main.c ****         if ((millis() - press_start_time) >= 1000 && !BUTT1_is_Pressed) {
 230:Core/Src/main.c ****             BUTT1_is_Pressed = 1;
 231:Core/Src/main.c ****             return 1;  // Длинное нажатие обнаружено!
 232:Core/Src/main.c ****         }
 233:Core/Src/main.c ****     }
 234:Core/Src/main.c ****     
 235:Core/Src/main.c ****         // Кнопка отпущена
 236:Core/Src/main.c ****     if (!current_state) {
 811              		.loc 1 236 5 is_stmt 1 view .LVU192
 812              		.loc 1 236 8 is_stmt 0 view .LVU193
 813 001c 002C     		cmp	r4, #0
 814 001e 36D0     		beq	.L62
 815              	.L59:
 237:Core/Src/main.c **** 
 238:Core/Src/main.c ****         if (prev_state && (millis() - press_start_time) < 1000) {
 816              		.loc 1 238 9 is_stmt 1 view .LVU194
 817              		.loc 1 238 13 is_stmt 0 view .LVU195
 818 0020 1D4B     		ldr	r3, .L67+4
 819 0022 1B78     		ldrb	r3, [r3]	@ zero_extendqisi2
 820              		.loc 1 238 12 view .LVU196
 821 0024 23BB     		cbnz	r3, .L66
 822              	.L61:
 239:Core/Src/main.c ****             BUTT1_is_Clicked = 1;
 240:Core/Src/main.c ****             prev_state = 0;
 241:Core/Src/main.c ****             return 1;  // Короткое нажатие обнаружено!
 242:Core/Src/main.c ****         }
 243:Core/Src/main.c ****         prev_state = 0;
 823              		.loc 1 243 9 is_stmt 1 view .LVU197
 824              		.loc 1 243 20 is_stmt 0 view .LVU198
 825 0026 0020     		movs	r0, #0
 826 0028 1B4B     		ldr	r3, .L67+4
 827 002a 1870     		strb	r0, [r3]
 244:Core/Src/main.c ****         BUTT1_is_Pressed = 0;
 828              		.loc 1 244 9 is_stmt 1 view .LVU199
 829              		.loc 1 244 26 is_stmt 0 view .LVU200
 830 002c 1B4B     		ldr	r3, .L67+8
 831 002e 1860     		str	r0, [r3]
 245:Core/Src/main.c ****         BUTT1_is_Clicked = 0;
 832              		.loc 1 245 9 is_stmt 1 view .LVU201
 833              		.loc 1 245 26 is_stmt 0 view .LVU202
 834 0030 1B4B     		ldr	r3, .L67+12
 835 0032 1860     		str	r0, [r3]
 836              	.L60:
 246:Core/Src/main.c ****     }
 247:Core/Src/main.c ****     return 0;
 248:Core/Src/main.c **** }
 837              		.loc 1 248 1 view .LVU203
 838 0034 10BD     		pop	{r4, pc}
 839              	.L64:
 220:Core/Src/main.c ****         BUTT1_is_Clicked = 0;
 840              		.loc 1 220 9 is_stmt 1 view .LVU204
 220:Core/Src/main.c ****         BUTT1_is_Clicked = 0;
 841              		.loc 1 220 28 is_stmt 0 view .LVU205
ARM GAS  C:\Users\khrip\AppData\Local\Temp\ccD05Ws9.s 			page 22


 842 0036 FFF7FEFF 		bl	millis
 843              	.LVL59:
 220:Core/Src/main.c ****         BUTT1_is_Clicked = 0;
 844              		.loc 1 220 26 discriminator 1 view .LVU206
 845 003a 1A4B     		ldr	r3, .L67+16
 846 003c 1860     		str	r0, [r3]
 221:Core/Src/main.c ****         BUTT1_is_Pressed = 0;
 847              		.loc 1 221 9 is_stmt 1 view .LVU207
 221:Core/Src/main.c ****         BUTT1_is_Pressed = 0;
 848              		.loc 1 221 26 is_stmt 0 view .LVU208
 849 003e 0023     		movs	r3, #0
 850 0040 174A     		ldr	r2, .L67+12
 851 0042 1360     		str	r3, [r2]
 222:Core/Src/main.c ****         prev_state = 1;
 852              		.loc 1 222 9 is_stmt 1 view .LVU209
 222:Core/Src/main.c ****         prev_state = 1;
 853              		.loc 1 222 26 is_stmt 0 view .LVU210
 854 0044 154A     		ldr	r2, .L67+8
 855 0046 1360     		str	r3, [r2]
 223:Core/Src/main.c ****     }
 856              		.loc 1 223 9 is_stmt 1 view .LVU211
 223:Core/Src/main.c ****     }
 857              		.loc 1 223 20 is_stmt 0 view .LVU212
 858 0048 134B     		ldr	r3, .L67+4
 859 004a 0122     		movs	r2, #1
 860 004c 1A70     		strb	r2, [r3]
 861 004e E1E7     		b	.L58
 862              	.L65:
 229:Core/Src/main.c ****             BUTT1_is_Pressed = 1;
 863              		.loc 1 229 9 is_stmt 1 view .LVU213
 229:Core/Src/main.c ****             BUTT1_is_Pressed = 1;
 864              		.loc 1 229 14 is_stmt 0 view .LVU214
 865 0050 FFF7FEFF 		bl	millis
 866              	.LVL60:
 229:Core/Src/main.c ****             BUTT1_is_Pressed = 1;
 867              		.loc 1 229 23 discriminator 1 view .LVU215
 868 0054 134B     		ldr	r3, .L67+16
 869 0056 1B68     		ldr	r3, [r3]
 870 0058 C01A     		subs	r0, r0, r3
 229:Core/Src/main.c ****             BUTT1_is_Pressed = 1;
 871              		.loc 1 229 12 discriminator 1 view .LVU216
 872 005a B0F57A7F 		cmp	r0, #1000
 873 005e DDD3     		bcc	.L57
 229:Core/Src/main.c ****             BUTT1_is_Pressed = 1;
 874              		.loc 1 229 54 discriminator 1 view .LVU217
 875 0060 0E4B     		ldr	r3, .L67+8
 876 0062 1B68     		ldr	r3, [r3]
 229:Core/Src/main.c ****             BUTT1_is_Pressed = 1;
 877              		.loc 1 229 51 discriminator 1 view .LVU218
 878 0064 002B     		cmp	r3, #0
 879 0066 D9D1     		bne	.L57
 230:Core/Src/main.c ****             return 1;  // Длинное нажатие обнаружено!
 880              		.loc 1 230 13 is_stmt 1 view .LVU219
 230:Core/Src/main.c ****             return 1;  // Длинное нажатие обнаружено!
 881              		.loc 1 230 30 is_stmt 0 view .LVU220
 882 0068 0120     		movs	r0, #1
 883 006a 0C4B     		ldr	r3, .L67+8
ARM GAS  C:\Users\khrip\AppData\Local\Temp\ccD05Ws9.s 			page 23


 884 006c 1860     		str	r0, [r3]
 231:Core/Src/main.c ****         }
 885              		.loc 1 231 13 is_stmt 1 view .LVU221
 231:Core/Src/main.c ****         }
 886              		.loc 1 231 20 is_stmt 0 view .LVU222
 887 006e E1E7     		b	.L60
 888              	.L66:
 238:Core/Src/main.c ****             BUTT1_is_Clicked = 1;
 889              		.loc 1 238 28 discriminator 1 view .LVU223
 890 0070 FFF7FEFF 		bl	millis
 891              	.LVL61:
 238:Core/Src/main.c ****             BUTT1_is_Clicked = 1;
 892              		.loc 1 238 37 discriminator 1 view .LVU224
 893 0074 0B4B     		ldr	r3, .L67+16
 894 0076 1B68     		ldr	r3, [r3]
 895 0078 C01A     		subs	r0, r0, r3
 238:Core/Src/main.c ****             BUTT1_is_Clicked = 1;
 896              		.loc 1 238 24 discriminator 1 view .LVU225
 897 007a B0F57A7F 		cmp	r0, #1000
 898 007e D2D2     		bcs	.L61
 239:Core/Src/main.c ****             prev_state = 0;
 899              		.loc 1 239 13 is_stmt 1 view .LVU226
 239:Core/Src/main.c ****             prev_state = 0;
 900              		.loc 1 239 30 is_stmt 0 view .LVU227
 901 0080 0120     		movs	r0, #1
 902 0082 074B     		ldr	r3, .L67+12
 903 0084 1860     		str	r0, [r3]
 240:Core/Src/main.c ****             return 1;  // Короткое нажатие обнаружено!
 904              		.loc 1 240 13 is_stmt 1 view .LVU228
 240:Core/Src/main.c ****             return 1;  // Короткое нажатие обнаружено!
 905              		.loc 1 240 24 is_stmt 0 view .LVU229
 906 0086 044B     		ldr	r3, .L67+4
 907 0088 0022     		movs	r2, #0
 908 008a 1A70     		strb	r2, [r3]
 241:Core/Src/main.c ****         }
 909              		.loc 1 241 13 is_stmt 1 view .LVU230
 241:Core/Src/main.c ****         }
 910              		.loc 1 241 20 is_stmt 0 view .LVU231
 911 008c D2E7     		b	.L60
 912              	.L62:
 247:Core/Src/main.c **** }
 913              		.loc 1 247 12 view .LVU232
 914 008e 0020     		movs	r0, #0
 915 0090 D0E7     		b	.L60
 916              	.L68:
 917 0092 00BF     		.align	2
 918              	.L67:
 919 0094 00000140 		.word	1073807360
 920 0098 00000000 		.word	prev_state.4
 921 009c 00000000 		.word	BUTT1_is_Pressed
 922 00a0 00000000 		.word	BUTT1_is_Clicked
 923 00a4 00000000 		.word	press_start_time.3
 924              		.cfi_endproc
 925              	.LFE9:
 927              		.section	.text.BUTT2_Handler,"ax",%progbits
 928              		.align	1
 929              		.global	BUTT2_Handler
ARM GAS  C:\Users\khrip\AppData\Local\Temp\ccD05Ws9.s 			page 24


 930              		.syntax unified
 931              		.thumb
 932              		.thumb_func
 934              	BUTT2_Handler:
 935              	.LFB10:
 249:Core/Src/main.c **** 
 250:Core/Src/main.c **** uint8_t BUTT2_Handler(void) {
 936              		.loc 1 250 29 is_stmt 1 view -0
 937              		.cfi_startproc
 938              		@ args = 0, pretend = 0, frame = 0
 939              		@ frame_needed = 0, uses_anonymous_args = 0
 940 0000 10B5     		push	{r4, lr}
 941              	.LCFI6:
 942              		.cfi_def_cfa_offset 8
 943              		.cfi_offset 4, -8
 944              		.cfi_offset 14, -4
 251:Core/Src/main.c ****     static uint32_t press_start_time = 0;
 945              		.loc 1 251 5 view .LVU234
 252:Core/Src/main.c ****     static uint8_t prev_state = 0;
 946              		.loc 1 252 5 view .LVU235
 253:Core/Src/main.c ****     static uint8_t was_pressed = 0;
 947              		.loc 1 253 5 view .LVU236
 254:Core/Src/main.c ****     
 255:Core/Src/main.c ****     uint8_t current_state = BUTT2_State_Check;
 948              		.loc 1 255 5 view .LVU237
 949              		.loc 1 255 29 is_stmt 0 view .LVU238
 950 0002 284B     		ldr	r3, .L81
 951 0004 D3F80848 		ldr	r4, [r3, #2056]
 952              	.LVL62:
 256:Core/Src/main.c ****     
 257:Core/Src/main.c ****     // Кнопка только что нажата
 258:Core/Src/main.c ****     if (current_state && !prev_state) {
 953              		.loc 1 258 5 is_stmt 1 view .LVU239
 954              		.loc 1 258 8 is_stmt 0 view .LVU240
 955 0008 14F02004 		ands	r4, r4, #32
 956              	.LVL63:
 957              		.loc 1 258 8 view .LVU241
 958 000c 25D1     		bne	.L70
 959              		.loc 1 258 26 discriminator 1 view .LVU242
 960 000e 264B     		ldr	r3, .L81+4
 961 0010 1B78     		ldrb	r3, [r3]	@ zero_extendqisi2
 962              		.loc 1 258 23 discriminator 1 view .LVU243
 963 0012 53B1     		cbz	r3, .L78
 964              	.L71:
 259:Core/Src/main.c ****         press_start_time = millis();
 260:Core/Src/main.c ****         BUTT2_is_Clicked = 0;
 261:Core/Src/main.c ****         BUTT2_is_Pressed = 0;
 262:Core/Src/main.c ****         prev_state = 1;
 263:Core/Src/main.c ****     }
 264:Core/Src/main.c ****     
 265:Core/Src/main.c ****     // Кнопка удерживается
 266:Core/Src/main.c ****     if (current_state && prev_state) {
 965              		.loc 1 266 5 is_stmt 1 view .LVU244
 966              		.loc 1 266 8 is_stmt 0 view .LVU245
 967 0014 14BB     		cbnz	r4, .L72
 968              		.loc 1 266 23 discriminator 1 view .LVU246
 969 0016 244B     		ldr	r3, .L81+4
ARM GAS  C:\Users\khrip\AppData\Local\Temp\ccD05Ws9.s 			page 25


 970 0018 1B78     		ldrb	r3, [r3]	@ zero_extendqisi2
 971 001a F3B1     		cbz	r3, .L70
 267:Core/Src/main.c ****         // Проверяем, прошла ли 1 секунда
 268:Core/Src/main.c ****         if (was_pressed){
 972              		.loc 1 268 9 is_stmt 1 view .LVU247
 973              		.loc 1 268 13 is_stmt 0 view .LVU248
 974 001c 234B     		ldr	r3, .L81+8
 975 001e 1B78     		ldrb	r3, [r3]	@ zero_extendqisi2
 976              		.loc 1 268 12 view .LVU249
 977 0020 83B1     		cbz	r3, .L73
 269:Core/Src/main.c ****             BUTT2_is_Pressed = 0;
 978              		.loc 1 269 13 is_stmt 1 view .LVU250
 979              		.loc 1 269 30 is_stmt 0 view .LVU251
 980 0022 0020     		movs	r0, #0
 981 0024 224B     		ldr	r3, .L81+12
 982 0026 1860     		str	r0, [r3]
 270:Core/Src/main.c ****             return 0;
 983              		.loc 1 270 13 is_stmt 1 view .LVU252
 984              		.loc 1 270 20 is_stmt 0 view .LVU253
 985 0028 24E0     		b	.L74
 986              	.L78:
 259:Core/Src/main.c ****         BUTT2_is_Clicked = 0;
 987              		.loc 1 259 9 is_stmt 1 view .LVU254
 259:Core/Src/main.c ****         BUTT2_is_Clicked = 0;
 988              		.loc 1 259 28 is_stmt 0 view .LVU255
 989 002a FFF7FEFF 		bl	millis
 990              	.LVL64:
 259:Core/Src/main.c ****         BUTT2_is_Clicked = 0;
 991              		.loc 1 259 26 discriminator 1 view .LVU256
 992 002e 214B     		ldr	r3, .L81+16
 993 0030 1860     		str	r0, [r3]
 260:Core/Src/main.c ****         BUTT2_is_Pressed = 0;
 994              		.loc 1 260 9 is_stmt 1 view .LVU257
 260:Core/Src/main.c ****         BUTT2_is_Pressed = 0;
 995              		.loc 1 260 26 is_stmt 0 view .LVU258
 996 0032 0023     		movs	r3, #0
 997 0034 204A     		ldr	r2, .L81+20
 998 0036 1360     		str	r3, [r2]
 261:Core/Src/main.c ****         prev_state = 1;
 999              		.loc 1 261 9 is_stmt 1 view .LVU259
 261:Core/Src/main.c ****         prev_state = 1;
 1000              		.loc 1 261 26 is_stmt 0 view .LVU260
 1001 0038 1D4A     		ldr	r2, .L81+12
 1002 003a 1360     		str	r3, [r2]
 262:Core/Src/main.c ****     }
 1003              		.loc 1 262 9 is_stmt 1 view .LVU261
 262:Core/Src/main.c ****     }
 1004              		.loc 1 262 20 is_stmt 0 view .LVU262
 1005 003c 1A4B     		ldr	r3, .L81+4
 1006 003e 0122     		movs	r2, #1
 1007 0040 1A70     		strb	r2, [r3]
 1008 0042 E7E7     		b	.L71
 1009              	.L73:
 271:Core/Src/main.c ****         }
 272:Core/Src/main.c **** 
 273:Core/Src/main.c ****         if ((millis() - press_start_time) >= 1000 && !BUTT2_is_Pressed) {
 1010              		.loc 1 273 9 is_stmt 1 view .LVU263
ARM GAS  C:\Users\khrip\AppData\Local\Temp\ccD05Ws9.s 			page 26


 1011              		.loc 1 273 14 is_stmt 0 view .LVU264
 1012 0044 FFF7FEFF 		bl	millis
 1013              	.LVL65:
 1014              		.loc 1 273 23 discriminator 1 view .LVU265
 1015 0048 1A4B     		ldr	r3, .L81+16
 1016 004a 1B68     		ldr	r3, [r3]
 1017 004c C01A     		subs	r0, r0, r3
 1018              		.loc 1 273 12 discriminator 1 view .LVU266
 1019 004e B0F57A7F 		cmp	r0, #1000
 1020 0052 02D3     		bcc	.L70
 1021              		.loc 1 273 54 discriminator 1 view .LVU267
 1022 0054 164B     		ldr	r3, .L81+12
 1023 0056 1B68     		ldr	r3, [r3]
 1024              		.loc 1 273 51 discriminator 1 view .LVU268
 1025 0058 6BB1     		cbz	r3, .L79
 1026              	.L70:
 274:Core/Src/main.c ****             BUTT2_is_Pressed = 1;
 275:Core/Src/main.c ****             was_pressed = 1;
 276:Core/Src/main.c ****             return 1;  // Длинное нажатие обнаружено!
 277:Core/Src/main.c ****         }
 278:Core/Src/main.c ****     }
 279:Core/Src/main.c ****     
 280:Core/Src/main.c ****         // Кнопка отпущена
 281:Core/Src/main.c ****     if (!current_state) {
 1027              		.loc 1 281 5 is_stmt 1 view .LVU269
 1028              		.loc 1 281 8 is_stmt 0 view .LVU270
 1029 005a 0CB3     		cbz	r4, .L76
 1030              	.L72:
 282:Core/Src/main.c **** 
 283:Core/Src/main.c ****         if (prev_state && (millis() - press_start_time) < 1000) {
 1031              		.loc 1 283 9 is_stmt 1 view .LVU271
 1032              		.loc 1 283 13 is_stmt 0 view .LVU272
 1033 005c 124B     		ldr	r3, .L81+4
 1034 005e 1B78     		ldrb	r3, [r3]	@ zero_extendqisi2
 1035              		.loc 1 283 12 view .LVU273
 1036 0060 7BB9     		cbnz	r3, .L80
 1037              	.L75:
 284:Core/Src/main.c ****             BUTT2_is_Clicked = 1;
 285:Core/Src/main.c ****             prev_state = 0;
 286:Core/Src/main.c ****             return 1;  // Короткое нажатие обнаружено!
 287:Core/Src/main.c ****         }
 288:Core/Src/main.c ****         prev_state = 0;
 1038              		.loc 1 288 9 is_stmt 1 view .LVU274
 1039              		.loc 1 288 20 is_stmt 0 view .LVU275
 1040 0062 0020     		movs	r0, #0
 1041 0064 104B     		ldr	r3, .L81+4
 1042 0066 1870     		strb	r0, [r3]
 289:Core/Src/main.c ****         was_pressed = 0;
 1043              		.loc 1 289 9 is_stmt 1 view .LVU276
 1044              		.loc 1 289 21 is_stmt 0 view .LVU277
 1045 0068 104B     		ldr	r3, .L81+8
 1046 006a 1870     		strb	r0, [r3]
 290:Core/Src/main.c ****         BUTT2_is_Pressed = 0;
 1047              		.loc 1 290 9 is_stmt 1 view .LVU278
 1048              		.loc 1 290 26 is_stmt 0 view .LVU279
 1049 006c 104B     		ldr	r3, .L81+12
 1050 006e 1860     		str	r0, [r3]
ARM GAS  C:\Users\khrip\AppData\Local\Temp\ccD05Ws9.s 			page 27


 291:Core/Src/main.c ****         BUTT2_is_Clicked = 0;
 1051              		.loc 1 291 9 is_stmt 1 view .LVU280
 1052              		.loc 1 291 26 is_stmt 0 view .LVU281
 1053 0070 114B     		ldr	r3, .L81+20
 1054 0072 1860     		str	r0, [r3]
 1055              	.L74:
 292:Core/Src/main.c ****     }
 293:Core/Src/main.c ****     return 0;
 294:Core/Src/main.c **** }
 1056              		.loc 1 294 1 view .LVU282
 1057 0074 10BD     		pop	{r4, pc}
 1058              	.L79:
 274:Core/Src/main.c ****             was_pressed = 1;
 1059              		.loc 1 274 13 is_stmt 1 view .LVU283
 274:Core/Src/main.c ****             was_pressed = 1;
 1060              		.loc 1 274 30 is_stmt 0 view .LVU284
 1061 0076 0120     		movs	r0, #1
 1062 0078 0D4B     		ldr	r3, .L81+12
 1063 007a 1860     		str	r0, [r3]
 275:Core/Src/main.c ****             return 1;  // Длинное нажатие обнаружено!
 1064              		.loc 1 275 13 is_stmt 1 view .LVU285
 275:Core/Src/main.c ****             return 1;  // Длинное нажатие обнаружено!
 1065              		.loc 1 275 25 is_stmt 0 view .LVU286
 1066 007c 0B4B     		ldr	r3, .L81+8
 1067 007e 1870     		strb	r0, [r3]
 276:Core/Src/main.c ****         }
 1068              		.loc 1 276 13 is_stmt 1 view .LVU287
 276:Core/Src/main.c ****         }
 1069              		.loc 1 276 20 is_stmt 0 view .LVU288
 1070 0080 F8E7     		b	.L74
 1071              	.L80:
 283:Core/Src/main.c ****             BUTT2_is_Clicked = 1;
 1072              		.loc 1 283 28 discriminator 1 view .LVU289
 1073 0082 FFF7FEFF 		bl	millis
 1074              	.LVL66:
 283:Core/Src/main.c ****             BUTT2_is_Clicked = 1;
 1075              		.loc 1 283 37 discriminator 1 view .LVU290
 1076 0086 0B4B     		ldr	r3, .L81+16
 1077 0088 1B68     		ldr	r3, [r3]
 1078 008a C01A     		subs	r0, r0, r3
 283:Core/Src/main.c ****             BUTT2_is_Clicked = 1;
 1079              		.loc 1 283 24 discriminator 1 view .LVU291
 1080 008c B0F57A7F 		cmp	r0, #1000
 1081 0090 E7D2     		bcs	.L75
 284:Core/Src/main.c ****             prev_state = 0;
 1082              		.loc 1 284 13 is_stmt 1 view .LVU292
 284:Core/Src/main.c ****             prev_state = 0;
 1083              		.loc 1 284 30 is_stmt 0 view .LVU293
 1084 0092 0120     		movs	r0, #1
 1085 0094 084B     		ldr	r3, .L81+20
 1086 0096 1860     		str	r0, [r3]
 285:Core/Src/main.c ****             return 1;  // Короткое нажатие обнаружено!
 1087              		.loc 1 285 13 is_stmt 1 view .LVU294
 285:Core/Src/main.c ****             return 1;  // Короткое нажатие обнаружено!
 1088              		.loc 1 285 24 is_stmt 0 view .LVU295
 1089 0098 034B     		ldr	r3, .L81+4
 1090 009a 0022     		movs	r2, #0
ARM GAS  C:\Users\khrip\AppData\Local\Temp\ccD05Ws9.s 			page 28


 1091 009c 1A70     		strb	r2, [r3]
 286:Core/Src/main.c ****         }
 1092              		.loc 1 286 13 is_stmt 1 view .LVU296
 286:Core/Src/main.c ****         }
 1093              		.loc 1 286 20 is_stmt 0 view .LVU297
 1094 009e E9E7     		b	.L74
 1095              	.L76:
 293:Core/Src/main.c **** }
 1096              		.loc 1 293 12 view .LVU298
 1097 00a0 0020     		movs	r0, #0
 1098 00a2 E7E7     		b	.L74
 1099              	.L82:
 1100              		.align	2
 1101              	.L81:
 1102 00a4 00000140 		.word	1073807360
 1103 00a8 00000000 		.word	prev_state.2
 1104 00ac 00000000 		.word	was_pressed.0
 1105 00b0 00000000 		.word	BUTT2_is_Pressed
 1106 00b4 00000000 		.word	press_start_time.1
 1107 00b8 00000000 		.word	BUTT2_is_Clicked
 1108              		.cfi_endproc
 1109              	.LFE10:
 1111              		.global	__aeabi_fadd
 1112              		.section	.text.main,"ax",%progbits
 1113              		.align	1
 1114              		.global	main
 1115              		.syntax unified
 1116              		.thumb
 1117              		.thumb_func
 1119              	main:
 1120              	.LFB11:
 295:Core/Src/main.c **** 
 296:Core/Src/main.c **** 
 297:Core/Src/main.c **** int main(void){
 1121              		.loc 1 297 15 is_stmt 1 view -0
 1122              		.cfi_startproc
 1123              		@ args = 0, pretend = 0, frame = 0
 1124              		@ frame_needed = 0, uses_anonymous_args = 0
 1125 0000 38B5     		push	{r3, r4, r5, lr}
 1126              	.LCFI7:
 1127              		.cfi_def_cfa_offset 16
 1128              		.cfi_offset 3, -16
 1129              		.cfi_offset 4, -12
 1130              		.cfi_offset 5, -8
 1131              		.cfi_offset 14, -4
 298:Core/Src/main.c ****     //Запуск тактирования GPIOA
 299:Core/Src/main.c ****     *(uint32_t*)(0x40021000UL + 0x018UL) |= 0x04; // Запуск тактирования IOPAEN �
 1132              		.loc 1 299 5 view .LVU300
 1133 0002 9D4A     		ldr	r2, .L108
 1134 0004 9369     		ldr	r3, [r2, #24]
 1135              		.loc 1 299 42 is_stmt 0 view .LVU301
 1136 0006 43F00403 		orr	r3, r3, #4
 1137 000a 9361     		str	r3, [r2, #24]
 300:Core/Src/main.c **** 
 301:Core/Src/main.c **** 
 302:Core/Src/main.c ****     //Конфигурация пинов светодиодов
 303:Core/Src/main.c ****     // Конфигурация пина PA8 - LED_R
ARM GAS  C:\Users\khrip\AppData\Local\Temp\ccD05Ws9.s 			page 29


 304:Core/Src/main.c ****     *(uint32_t*)(0x40010800UL + 0x04UL) &= ~(1<<0); //   Нулевой бит MODE8
 1138              		.loc 1 304 5 is_stmt 1 view .LVU302
 1139 000c 9B4B     		ldr	r3, .L108+4
 1140 000e D3F80428 		ldr	r2, [r3, #2052]
 1141              		.loc 1 304 41 is_stmt 0 view .LVU303
 1142 0012 22F00101 		bic	r1, r2, #1
 1143 0016 C3F80418 		str	r1, [r3, #2052]
 305:Core/Src/main.c ****     *(uint32_t*)(0x40010800UL + 0x04UL) |= (1<<1); //   Первый бит MODE8 ('10' - output lo
 1144              		.loc 1 305 5 is_stmt 1 view .LVU304
 1145              		.loc 1 305 41 is_stmt 0 view .LVU305
 1146 001a 41F00201 		orr	r1, r1, #2
 1147 001e C3F80418 		str	r1, [r3, #2052]
 306:Core/Src/main.c ****     *(uint32_t*)(0x40010800UL + 0x04UL) &= ~(1<<2); //   Нулевой бит CNF8
 1148              		.loc 1 306 5 is_stmt 1 view .LVU306
 1149              		.loc 1 306 41 is_stmt 0 view .LVU307
 1150 0022 22F00501 		bic	r1, r2, #5
 1151 0026 41F00201 		orr	r1, r1, #2
 1152 002a C3F80418 		str	r1, [r3, #2052]
 307:Core/Src/main.c ****     *(uint32_t*)(0x40010800UL + 0x04UL) &= ~(1<<3); //   Первый бит CNF8 ('00' - General p
 1153              		.loc 1 307 5 is_stmt 1 view .LVU308
 1154              		.loc 1 307 41 is_stmt 0 view .LVU309
 1155 002e 22F00D02 		bic	r2, r2, #13
 1156 0032 42F00202 		orr	r2, r2, #2
 1157 0036 C3F80428 		str	r2, [r3, #2052]
 308:Core/Src/main.c ****     *(uint32_t*)(0x40010800UL + 0x0CUL) &= ~(1<<8);  //    Четвертый бит ODR5 (Вклю
 1158              		.loc 1 308 5 is_stmt 1 view .LVU310
 1159 003a D3F80C18 		ldr	r1, [r3, #2060]
 1160              		.loc 1 308 41 is_stmt 0 view .LVU311
 1161 003e 21F48070 		bic	r0, r1, #256
 1162 0042 C3F80C08 		str	r0, [r3, #2060]
 309:Core/Src/main.c **** 
 310:Core/Src/main.c ****     // Конфигурация пина PA9 - LED_Y
 311:Core/Src/main.c ****     *(uint32_t*)(0x40010800UL + 0x04UL) &= ~(1<<4); //   Нулевой бит MODE9
 1163              		.loc 1 311 5 is_stmt 1 view .LVU312
 1164              		.loc 1 311 41 is_stmt 0 view .LVU313
 1165 0046 22F01000 		bic	r0, r2, #16
 1166 004a C3F80408 		str	r0, [r3, #2052]
 312:Core/Src/main.c ****     *(uint32_t*)(0x40010800UL + 0x04UL) |= (1<<5); //   Первый бит MODE9 ('10' - output lo
 1167              		.loc 1 312 5 is_stmt 1 view .LVU314
 1168              		.loc 1 312 41 is_stmt 0 view .LVU315
 1169 004e 40F02000 		orr	r0, r0, #32
 1170 0052 C3F80408 		str	r0, [r3, #2052]
 313:Core/Src/main.c ****     *(uint32_t*)(0x40010800UL + 0x04UL) &= ~(1<<6); //   Нулевой бит CNF9
 1171              		.loc 1 313 5 is_stmt 1 view .LVU316
 1172              		.loc 1 313 41 is_stmt 0 view .LVU317
 1173 0056 22F05000 		bic	r0, r2, #80
 1174 005a 40F02000 		orr	r0, r0, #32
 1175 005e C3F80408 		str	r0, [r3, #2052]
 314:Core/Src/main.c ****     *(uint32_t*)(0x40010800UL + 0x04UL) &= ~(1<<7); //   Первый бит CNF9 ('00'- General pu
 1176              		.loc 1 314 5 is_stmt 1 view .LVU318
 1177              		.loc 1 314 41 is_stmt 0 view .LVU319
 1178 0062 22F0D002 		bic	r2, r2, #208
 1179 0066 42F02002 		orr	r2, r2, #32
 1180 006a C3F80428 		str	r2, [r3, #2052]
 315:Core/Src/main.c ****     *(uint32_t*)(0x40010800UL + 0x0CUL) &= ~(1<<9);  //    Четвертый бит ODR5 (Вклю
 1181              		.loc 1 315 5 is_stmt 1 view .LVU320
 1182              		.loc 1 315 41 is_stmt 0 view .LVU321
ARM GAS  C:\Users\khrip\AppData\Local\Temp\ccD05Ws9.s 			page 30


 1183 006e 21F44070 		bic	r0, r1, #768
 1184 0072 C3F80C08 		str	r0, [r3, #2060]
 316:Core/Src/main.c **** 
 317:Core/Src/main.c ****     // Конфигурация пина PA10 - LED_W
 318:Core/Src/main.c ****     *(uint32_t*)(0x40010800UL + 0x04UL) &= ~(1<<8); //   Нулевой бит MODE10
 1185              		.loc 1 318 5 is_stmt 1 view .LVU322
 1186              		.loc 1 318 41 is_stmt 0 view .LVU323
 1187 0076 22F48070 		bic	r0, r2, #256
 1188 007a C3F80408 		str	r0, [r3, #2052]
 319:Core/Src/main.c ****     *(uint32_t*)(0x40010800UL + 0x04UL) |= (1<<9); //   Первый бит MODE10 ('10' - output l
 1189              		.loc 1 319 5 is_stmt 1 view .LVU324
 1190              		.loc 1 319 41 is_stmt 0 view .LVU325
 1191 007e 40F40070 		orr	r0, r0, #512
 1192 0082 C3F80408 		str	r0, [r3, #2052]
 320:Core/Src/main.c ****     *(uint32_t*)(0x40010800UL + 0x04UL) &= ~(1<<10); //   Нулевой бит CNF10
 1193              		.loc 1 320 5 is_stmt 1 view .LVU326
 1194              		.loc 1 320 41 is_stmt 0 view .LVU327
 1195 0086 22F4A060 		bic	r0, r2, #1280
 1196 008a 40F40070 		orr	r0, r0, #512
 1197 008e C3F80408 		str	r0, [r3, #2052]
 321:Core/Src/main.c ****     *(uint32_t*)(0x40010800UL+ 0x04UL) &= ~(1<<11); //   Первый бит CNF10 ('00' - General 
 1198              		.loc 1 321 5 is_stmt 1 view .LVU328
 1199              		.loc 1 321 40 is_stmt 0 view .LVU329
 1200 0092 22F45062 		bic	r2, r2, #3328
 1201 0096 42F40072 		orr	r2, r2, #512
 1202 009a C3F80428 		str	r2, [r3, #2052]
 322:Core/Src/main.c ****     *(uint32_t*)(0x40010800UL + 0x0CUL) &= ~(1<<10);  //    Четвертый бит ODR5 (Вкл�
 1203              		.loc 1 322 5 is_stmt 1 view .LVU330
 1204              		.loc 1 322 41 is_stmt 0 view .LVU331
 1205 009e 21F4E062 		bic	r2, r1, #1792
 1206 00a2 C3F80C28 		str	r2, [r3, #2060]
 323:Core/Src/main.c **** 
 324:Core/Src/main.c ****     //Конфигурация пинов кнопок
 325:Core/Src/main.c ****     // Конфигурация пина PA4 - BUTT_1
 326:Core/Src/main.c ****     *(uint32_t*)(0x40010800UL + 0x00UL) &= ~(1<<16); //   Нулевой бит MODE4
 1207              		.loc 1 326 5 is_stmt 1 view .LVU332
 1208 00a6 D3F80028 		ldr	r2, [r3, #2048]
 1209              		.loc 1 326 41 is_stmt 0 view .LVU333
 1210 00aa 22F48030 		bic	r0, r2, #65536
 1211 00ae C3F80008 		str	r0, [r3, #2048]
 327:Core/Src/main.c ****     *(uint32_t*)(0x40010800UL + 0x00UL) &= ~(1<<17); //   Первый бит MODE4 ('00' - Input m
 1212              		.loc 1 327 5 is_stmt 1 view .LVU334
 1213              		.loc 1 327 41 is_stmt 0 view .LVU335
 1214 00b2 22F44030 		bic	r0, r2, #196608
 1215 00b6 C3F80008 		str	r0, [r3, #2048]
 328:Core/Src/main.c ****     *(uint32_t*)(0x40010800UL + 0x00UL) &= ~(1<<18); //   Нулевой бит CNF4
 1216              		.loc 1 328 5 is_stmt 1 view .LVU336
 1217              		.loc 1 328 41 is_stmt 0 view .LVU337
 1218 00ba 22F4E022 		bic	r2, r2, #458752
 1219 00be C3F80028 		str	r2, [r3, #2048]
 329:Core/Src/main.c ****     *(uint32_t*)(0x40010800UL + 0x00UL) |= (1<<19); //   Первый бит CNF4 ('10' - Input wit
 1220              		.loc 1 329 5 is_stmt 1 view .LVU338
 1221              		.loc 1 329 41 is_stmt 0 view .LVU339
 1222 00c2 42F40022 		orr	r2, r2, #524288
 1223 00c6 C3F80028 		str	r2, [r3, #2048]
 330:Core/Src/main.c ****     *(uint32_t*)(0x40010800UL + 0x0CUL) &= ~(1<<4); //    Четвертый бит ODR4 (Вклю�
 1224              		.loc 1 330 5 is_stmt 1 view .LVU340
ARM GAS  C:\Users\khrip\AppData\Local\Temp\ccD05Ws9.s 			page 31


 1225              		.loc 1 330 41 is_stmt 0 view .LVU341
 1226 00ca 21F4E260 		bic	r0, r1, #1808
 1227 00ce C3F80C08 		str	r0, [r3, #2060]
 331:Core/Src/main.c ****     // Конфигурация пина PA5 - BUTT_2
 332:Core/Src/main.c ****     *(uint32_t*)(0x40010800UL + 0x00UL) &= ~(1<<20); //   Нулевой бит MODE5
 1228              		.loc 1 332 5 is_stmt 1 view .LVU342
 1229              		.loc 1 332 41 is_stmt 0 view .LVU343
 1230 00d2 22F48010 		bic	r0, r2, #1048576
 1231 00d6 C3F80008 		str	r0, [r3, #2048]
 333:Core/Src/main.c ****     *(uint32_t*)(0x40010800UL + 0x00UL) &= ~(1<<21); //   Первый бит MODE5 ('00' - Input m
 1232              		.loc 1 333 5 is_stmt 1 view .LVU344
 1233              		.loc 1 333 41 is_stmt 0 view .LVU345
 1234 00da 22F44010 		bic	r0, r2, #3145728
 1235 00de C3F80008 		str	r0, [r3, #2048]
 334:Core/Src/main.c ****     *(uint32_t*)(0x40010800UL + 0x00UL) &= ~(1<<22); //   Нулевой бит CNF5
 1236              		.loc 1 334 5 is_stmt 1 view .LVU346
 1237              		.loc 1 334 41 is_stmt 0 view .LVU347
 1238 00e2 22F4E002 		bic	r2, r2, #7340032
 1239 00e6 C3F80028 		str	r2, [r3, #2048]
 335:Core/Src/main.c ****     *(uint32_t*)(0x40010800UL + 0x00UL) |= (1<<23); //   Первый бит CNF5 ('10' - Input wit
 1240              		.loc 1 335 5 is_stmt 1 view .LVU348
 1241              		.loc 1 335 41 is_stmt 0 view .LVU349
 1242 00ea 42F40002 		orr	r2, r2, #8388608
 1243 00ee C3F80028 		str	r2, [r3, #2048]
 336:Core/Src/main.c ****     *(uint32_t*)(0x40010800UL + 0x0CUL) &= ~(1<<5);  //    Четвертый бит ODR5 (Вклю
 1244              		.loc 1 336 5 is_stmt 1 view .LVU350
 1245              		.loc 1 336 41 is_stmt 0 view .LVU351
 1246 00f2 21F4E661 		bic	r1, r1, #1840
 1247 00f6 C3F80C18 		str	r1, [r3, #2060]
 337:Core/Src/main.c ****     millis_init();
 1248              		.loc 1 337 5 is_stmt 1 view .LVU352
 1249 00fa FFF7FEFF 		bl	millis_init
 1250              	.LVL67:
 1251              	.L101:
 338:Core/Src/main.c **** 
 339:Core/Src/main.c ****     while (1){ 
 1252              		.loc 1 339 5 view .LVU353
 340:Core/Src/main.c ****         millis_update();
 1253              		.loc 1 340 9 view .LVU354
 1254 00fe FFF7FEFF 		bl	millis_update
 1255              	.LVL68:
 341:Core/Src/main.c ****         //Обработчик BUTTON1 - пин PA4
 342:Core/Src/main.c ****         BUTT1_State = BUTT1_State_Check; //Считывание состояния пина PA4 в 
 1256              		.loc 1 342 9 view .LVU355
 1257              		.loc 1 342 23 is_stmt 0 view .LVU356
 1258 0102 5E4B     		ldr	r3, .L108+4
 1259 0104 D3F80838 		ldr	r3, [r3, #2056]
 1260 0108 13F0100F 		tst	r3, #16
 1261 010c 0CBF     		ite	eq
 1262 010e 0122     		moveq	r2, #1
 1263 0110 0022     		movne	r2, #0
 1264              		.loc 1 342 21 view .LVU357
 1265 0112 5B4B     		ldr	r3, .L108+8
 1266 0114 1A60     		str	r2, [r3]
 343:Core/Src/main.c ****         BUTT1_Handler();
 1267              		.loc 1 343 9 is_stmt 1 view .LVU358
 1268 0116 FFF7FEFF 		bl	BUTT1_Handler
ARM GAS  C:\Users\khrip\AppData\Local\Temp\ccD05Ws9.s 			page 32


 1269              	.LVL69:
 344:Core/Src/main.c ****         BUTT2_Handler();
 1270              		.loc 1 344 9 view .LVU359
 1271 011a FFF7FEFF 		bl	BUTT2_Handler
 1272              	.LVL70:
 345:Core/Src/main.c **** 
 346:Core/Src/main.c **** 
 347:Core/Src/main.c **** 
 348:Core/Src/main.c ****         if (BUTT1_is_Clicked)
 1273              		.loc 1 348 9 view .LVU360
 1274              		.loc 1 348 13 is_stmt 0 view .LVU361
 1275 011e 594B     		ldr	r3, .L108+12
 1276 0120 1B68     		ldr	r3, [r3]
 1277              		.loc 1 348 12 view .LVU362
 1278 0122 7BB1     		cbz	r3, .L84
 349:Core/Src/main.c ****         {
 350:Core/Src/main.c ****             if (LEDS_freq[LEDS_number] >= 4.5) {
 1279              		.loc 1 350 13 is_stmt 1 view .LVU363
 1280              		.loc 1 350 26 is_stmt 0 view .LVU364
 1281 0124 584B     		ldr	r3, .L108+16
 1282 0126 1C68     		ldr	r4, [r3]
 1283 0128 584B     		ldr	r3, .L108+20
 1284 012a 53F82450 		ldr	r5, [r3, r4, lsl #2]	@ float
 1285              		.loc 1 350 16 view .LVU365
 1286 012e 5849     		ldr	r1, .L108+24
 1287 0130 2846     		mov	r0, r5
 1288 0132 FFF7FEFF 		bl	__aeabi_fcmpge
 1289              	.LVL71:
 1290 0136 0028     		cmp	r0, #0
 1291 0138 37D0     		beq	.L103
 351:Core/Src/main.c ****                 LEDS_freq[LEDS_number] = 0.5;
 1292              		.loc 1 351 17 is_stmt 1 view .LVU366
 1293              		.loc 1 351 40 is_stmt 0 view .LVU367
 1294 013a 544B     		ldr	r3, .L108+20
 1295 013c 4FF07C52 		mov	r2, #1056964608
 1296 0140 43F82420 		str	r2, [r3, r4, lsl #2]	@ float
 1297              	.L84:
 352:Core/Src/main.c ****             }
 353:Core/Src/main.c ****             else {
 354:Core/Src/main.c ****             LEDS_freq[LEDS_number] +=2;
 355:Core/Src/main.c ****             }
 356:Core/Src/main.c **** 
 357:Core/Src/main.c ****         }
 358:Core/Src/main.c **** 
 359:Core/Src/main.c ****         if (BUTT1_is_Pressed){
 1298              		.loc 1 359 9 is_stmt 1 view .LVU368
 360:Core/Src/main.c ****         }
 1299              		.loc 1 360 9 view .LVU369
 361:Core/Src/main.c **** 
 362:Core/Src/main.c ****         if (BUTT2_is_Clicked)
 1300              		.loc 1 362 9 view .LVU370
 1301              		.loc 1 362 13 is_stmt 0 view .LVU371
 1302 0144 534B     		ldr	r3, .L108+28
 1303 0146 1B68     		ldr	r3, [r3]
 1304              		.loc 1 362 12 view .LVU372
 1305 0148 63B1     		cbz	r3, .L87
 363:Core/Src/main.c ****         {
ARM GAS  C:\Users\khrip\AppData\Local\Temp\ccD05Ws9.s 			page 33


 364:Core/Src/main.c ****             switch (LEDS_number)
 1306              		.loc 1 364 13 is_stmt 1 view .LVU373
 1307 014a 4F4B     		ldr	r3, .L108+16
 1308 014c 1B68     		ldr	r3, [r3]
 1309 014e 012B     		cmp	r3, #1
 1310 0150 34D0     		beq	.L88
 1311 0152 022B     		cmp	r3, #2
 1312 0154 39D0     		beq	.L89
 1313 0156 2BB9     		cbnz	r3, .L87
 365:Core/Src/main.c ****             {
 366:Core/Src/main.c ****             case 0:
 367:Core/Src/main.c ****                 LEDS_isActive[0] = !LEDS_isActive[0];
 1314              		.loc 1 367 17 view .LVU374
 1315              		.loc 1 367 50 is_stmt 0 view .LVU375
 1316 0158 4F4A     		ldr	r2, .L108+32
 1317 015a 1368     		ldr	r3, [r2]
 1318              		.loc 1 367 36 view .LVU376
 1319 015c B3FA83F3 		clz	r3, r3
 1320 0160 5B09     		lsrs	r3, r3, #5
 1321              		.loc 1 367 34 view .LVU377
 1322 0162 1360     		str	r3, [r2]
 368:Core/Src/main.c ****                 break;
 1323              		.loc 1 368 17 is_stmt 1 view .LVU378
 1324              	.L87:
 369:Core/Src/main.c ****             case 1:
 370:Core/Src/main.c ****                 LEDS_isActive[1] = !LEDS_isActive[1];
 371:Core/Src/main.c ****                 break;
 372:Core/Src/main.c ****             case 2:
 373:Core/Src/main.c ****                 LEDS_isActive[2] = !LEDS_isActive[2];
 374:Core/Src/main.c ****                 break;
 375:Core/Src/main.c ****             default:
 376:Core/Src/main.c ****                 break;
 377:Core/Src/main.c ****             }
 378:Core/Src/main.c ****         }
 379:Core/Src/main.c **** 
 380:Core/Src/main.c ****         if (BUTT2_is_Pressed){
 1325              		.loc 1 380 9 view .LVU379
 1326              		.loc 1 380 13 is_stmt 0 view .LVU380
 1327 0164 4D4B     		ldr	r3, .L108+36
 1328 0166 1B68     		ldr	r3, [r3]
 1329              		.loc 1 380 12 view .LVU381
 1330 0168 BBB1     		cbz	r3, .L90
 381:Core/Src/main.c ****             if (!mode) {
 1331              		.loc 1 381 13 is_stmt 1 view .LVU382
 1332              		.loc 1 381 17 is_stmt 0 view .LVU383
 1333 016a 4D4B     		ldr	r3, .L108+40
 1334 016c 1B68     		ldr	r3, [r3]
 1335              		.loc 1 381 16 view .LVU384
 1336 016e 002B     		cmp	r3, #0
 1337 0170 32D1     		bne	.L91
 382:Core/Src/main.c ****                 LEDS_number++;
 1338              		.loc 1 382 17 is_stmt 1 view .LVU385
 1339              		.loc 1 382 28 is_stmt 0 view .LVU386
 1340 0172 4549     		ldr	r1, .L108+16
 1341 0174 0A68     		ldr	r2, [r1]
 1342 0176 0132     		adds	r2, r2, #1
 1343 0178 0A60     		str	r2, [r1]
ARM GAS  C:\Users\khrip\AppData\Local\Temp\ccD05Ws9.s 			page 34


 1344              	.L92:
 383:Core/Src/main.c ****             }
 384:Core/Src/main.c ****             else {
 385:Core/Src/main.c ****                 LEDS_number--;
 386:Core/Src/main.c ****             }
 387:Core/Src/main.c ****             if (LEDS_number >= 3) {
 1345              		.loc 1 387 13 is_stmt 1 view .LVU387
 1346              		.loc 1 387 29 is_stmt 0 view .LVU388
 1347 017a 434A     		ldr	r2, .L108+16
 1348 017c 1268     		ldr	r2, [r2]
 1349              		.loc 1 387 16 view .LVU389
 1350 017e 022A     		cmp	r2, #2
 1351 0180 07DD     		ble	.L93
 388:Core/Src/main.c ****                 LEDS_number = 1;
 1352              		.loc 1 388 17 is_stmt 1 view .LVU390
 1353              		.loc 1 388 29 is_stmt 0 view .LVU391
 1354 0182 414A     		ldr	r2, .L108+16
 1355 0184 0121     		movs	r1, #1
 1356 0186 1160     		str	r1, [r2]
 389:Core/Src/main.c ****                 mode = !mode;
 1357              		.loc 1 389 17 is_stmt 1 view .LVU392
 1358              		.loc 1 389 24 is_stmt 0 view .LVU393
 1359 0188 B3FA83F3 		clz	r3, r3
 1360 018c 5B09     		lsrs	r3, r3, #5
 1361              		.loc 1 389 22 view .LVU394
 1362 018e 444A     		ldr	r2, .L108+40
 1363 0190 1360     		str	r3, [r2]
 1364              	.L93:
 390:Core/Src/main.c ****             }
 391:Core/Src/main.c ****             if (LEDS_number < 0) {
 1365              		.loc 1 391 13 is_stmt 1 view .LVU395
 1366              		.loc 1 391 29 is_stmt 0 view .LVU396
 1367 0192 3D4B     		ldr	r3, .L108+16
 1368 0194 1B68     		ldr	r3, [r3]
 1369              		.loc 1 391 16 view .LVU397
 1370 0196 002B     		cmp	r3, #0
 1371 0198 23DB     		blt	.L105
 1372              	.L90:
 392:Core/Src/main.c ****                 LEDS_number = 1;
 393:Core/Src/main.c ****                 mode = !mode;
 394:Core/Src/main.c ****             }
 395:Core/Src/main.c ****         }
 396:Core/Src/main.c **** 
 397:Core/Src/main.c ****         if (prev_LEDS_number != LEDS_number)
 1373              		.loc 1 397 9 is_stmt 1 view .LVU398
 1374              		.loc 1 397 30 is_stmt 0 view .LVU399
 1375 019a 424B     		ldr	r3, .L108+44
 1376 019c 1B78     		ldrb	r3, [r3]	@ zero_extendqisi2
 1377 019e 3A4A     		ldr	r2, .L108+16
 1378 01a0 1068     		ldr	r0, [r2]
 1379              		.loc 1 397 12 view .LVU400
 1380 01a2 8342     		cmp	r3, r0
 1381 01a4 27D1     		bne	.L106
 1382              	.L94:
 297:Core/Src/main.c ****     //Запуск тактирования GPIOA
 1383              		.loc 1 297 15 view .LVU401
 1384 01a6 0024     		movs	r4, #0
ARM GAS  C:\Users\khrip\AppData\Local\Temp\ccD05Ws9.s 			page 35


 1385 01a8 33E0     		b	.L99
 1386              	.L103:
 354:Core/Src/main.c ****             }
 1387              		.loc 1 354 13 is_stmt 1 view .LVU402
 354:Core/Src/main.c ****             }
 1388              		.loc 1 354 36 is_stmt 0 view .LVU403
 1389 01aa 4FF08041 		mov	r1, #1073741824
 1390 01ae 2846     		mov	r0, r5
 1391 01b0 FFF7FEFF 		bl	__aeabi_fadd
 1392              	.LVL72:
 1393 01b4 354B     		ldr	r3, .L108+20
 1394 01b6 43F82400 		str	r0, [r3, r4, lsl #2]	@ float
 1395 01ba C3E7     		b	.L84
 1396              	.L88:
 370:Core/Src/main.c ****                 break;
 1397              		.loc 1 370 17 is_stmt 1 view .LVU404
 370:Core/Src/main.c ****                 break;
 1398              		.loc 1 370 50 is_stmt 0 view .LVU405
 1399 01bc 364A     		ldr	r2, .L108+32
 1400 01be 5368     		ldr	r3, [r2, #4]
 370:Core/Src/main.c ****                 break;
 1401              		.loc 1 370 36 view .LVU406
 1402 01c0 B3FA83F3 		clz	r3, r3
 1403 01c4 5B09     		lsrs	r3, r3, #5
 370:Core/Src/main.c ****                 break;
 1404              		.loc 1 370 34 view .LVU407
 1405 01c6 5360     		str	r3, [r2, #4]
 371:Core/Src/main.c ****             case 2:
 1406              		.loc 1 371 17 is_stmt 1 view .LVU408
 1407 01c8 CCE7     		b	.L87
 1408              	.L89:
 373:Core/Src/main.c ****                 break;
 1409              		.loc 1 373 17 view .LVU409
 373:Core/Src/main.c ****                 break;
 1410              		.loc 1 373 50 is_stmt 0 view .LVU410
 1411 01ca 334A     		ldr	r2, .L108+32
 1412 01cc 9368     		ldr	r3, [r2, #8]
 373:Core/Src/main.c ****                 break;
 1413              		.loc 1 373 36 view .LVU411
 1414 01ce B3FA83F3 		clz	r3, r3
 1415 01d2 5B09     		lsrs	r3, r3, #5
 373:Core/Src/main.c ****                 break;
 1416              		.loc 1 373 34 view .LVU412
 1417 01d4 9360     		str	r3, [r2, #8]
 374:Core/Src/main.c ****             default:
 1418              		.loc 1 374 17 is_stmt 1 view .LVU413
 1419 01d6 C5E7     		b	.L87
 1420              	.L91:
 385:Core/Src/main.c ****             }
 1421              		.loc 1 385 17 view .LVU414
 385:Core/Src/main.c ****             }
 1422              		.loc 1 385 28 is_stmt 0 view .LVU415
 1423 01d8 2B49     		ldr	r1, .L108+16
 1424 01da 0A68     		ldr	r2, [r1]
 1425 01dc 013A     		subs	r2, r2, #1
 1426 01de 0A60     		str	r2, [r1]
 1427 01e0 CBE7     		b	.L92
ARM GAS  C:\Users\khrip\AppData\Local\Temp\ccD05Ws9.s 			page 36


 1428              	.L105:
 392:Core/Src/main.c ****                 mode = !mode;
 1429              		.loc 1 392 17 is_stmt 1 view .LVU416
 392:Core/Src/main.c ****                 mode = !mode;
 1430              		.loc 1 392 29 is_stmt 0 view .LVU417
 1431 01e2 294B     		ldr	r3, .L108+16
 1432 01e4 0122     		movs	r2, #1
 1433 01e6 1A60     		str	r2, [r3]
 393:Core/Src/main.c ****             }
 1434              		.loc 1 393 17 is_stmt 1 view .LVU418
 393:Core/Src/main.c ****             }
 1435              		.loc 1 393 24 is_stmt 0 view .LVU419
 1436 01e8 2D4A     		ldr	r2, .L108+40
 1437 01ea 1368     		ldr	r3, [r2]
 1438 01ec B3FA83F3 		clz	r3, r3
 1439 01f0 5B09     		lsrs	r3, r3, #5
 393:Core/Src/main.c ****             }
 1440              		.loc 1 393 22 view .LVU420
 1441 01f2 1360     		str	r3, [r2]
 1442 01f4 D1E7     		b	.L90
 1443              	.L106:
 398:Core/Src/main.c ****         {
 399:Core/Src/main.c ****             LED_Sparkle(LEDS_number);
 1444              		.loc 1 399 13 is_stmt 1 view .LVU421
 1445 01f6 C0B2     		uxtb	r0, r0
 1446 01f8 FFF7FEFF 		bl	LED_Sparkle
 1447              	.LVL73:
 400:Core/Src/main.c ****             prev_LEDS_number = LEDS_number;
 1448              		.loc 1 400 13 view .LVU422
 1449              		.loc 1 400 30 is_stmt 0 view .LVU423
 1450 01fc 224B     		ldr	r3, .L108+16
 1451 01fe 1A68     		ldr	r2, [r3]
 1452 0200 284B     		ldr	r3, .L108+44
 1453 0202 1A70     		strb	r2, [r3]
 1454 0204 CFE7     		b	.L94
 1455              	.LVL74:
 1456              	.L107:
 1457              	.LBB5:
 401:Core/Src/main.c ****         }
 402:Core/Src/main.c ****         
 403:Core/Src/main.c **** 
 404:Core/Src/main.c ****         for (uint8_t i = 0; i < 3; i++)
 405:Core/Src/main.c ****         {
 406:Core/Src/main.c ****             if (LEDS_isActive[i]){
 407:Core/Src/main.c ****                 LED_Blink(i,LEDS_freq);
 1458              		.loc 1 407 17 is_stmt 1 view .LVU424
 1459 0206 2149     		ldr	r1, .L108+20
 1460 0208 2046     		mov	r0, r4
 1461 020a FFF7FEFF 		bl	LED_Blink
 1462              	.LVL75:
 1463              	.L96:
 404:Core/Src/main.c ****         {
 1464              		.loc 1 404 37 discriminator 2 view .LVU425
 1465 020e 0134     		adds	r4, r4, #1
 1466              	.LVL76:
 404:Core/Src/main.c ****         {
 1467              		.loc 1 404 37 is_stmt 0 discriminator 2 view .LVU426
ARM GAS  C:\Users\khrip\AppData\Local\Temp\ccD05Ws9.s 			page 37


 1468 0210 E4B2     		uxtb	r4, r4
 1469              	.LVL77:
 1470              	.L99:
 404:Core/Src/main.c ****         {
 1471              		.loc 1 404 31 is_stmt 1 discriminator 1 view .LVU427
 1472 0212 022C     		cmp	r4, #2
 1473 0214 3FF673AF 		bhi	.L101
 406:Core/Src/main.c ****                 LED_Blink(i,LEDS_freq);
 1474              		.loc 1 406 13 view .LVU428
 406:Core/Src/main.c ****                 LED_Blink(i,LEDS_freq);
 1475              		.loc 1 406 30 is_stmt 0 view .LVU429
 1476 0218 1F4B     		ldr	r3, .L108+32
 1477 021a 53F82430 		ldr	r3, [r3, r4, lsl #2]
 406:Core/Src/main.c ****                 LED_Blink(i,LEDS_freq);
 1478              		.loc 1 406 16 view .LVU430
 1479 021e 002B     		cmp	r3, #0
 1480 0220 F1D1     		bne	.L107
 408:Core/Src/main.c ****             }
 409:Core/Src/main.c ****             else{
 410:Core/Src/main.c ****                 switch (i)
 1481              		.loc 1 410 17 is_stmt 1 view .LVU431
 1482 0222 012C     		cmp	r4, #1
 1483 0224 0FD0     		beq	.L97
 1484 0226 022C     		cmp	r4, #2
 1485 0228 19D0     		beq	.L98
 1486 022a 002C     		cmp	r4, #0
 1487 022c EFD1     		bne	.L96
 411:Core/Src/main.c ****                 {
 412:Core/Src/main.c ****                 case 0:
 413:Core/Src/main.c ****                     LED_R_RESET;
 1488              		.loc 1 413 21 view .LVU432
 1489 022e 134A     		ldr	r2, .L108+4
 1490 0230 D2F81038 		ldr	r3, [r2, #2064]
 1491 0234 23F48073 		bic	r3, r3, #256
 1492 0238 C2F81038 		str	r3, [r2, #2064]
 1493              		.loc 1 413 21 view .LVU433
 1494 023c 43F08073 		orr	r3, r3, #16777216
 1495 0240 C2F81038 		str	r3, [r2, #2064]
 414:Core/Src/main.c ****                     break;
 1496              		.loc 1 414 21 view .LVU434
 1497 0244 E3E7     		b	.L96
 1498              	.L97:
 415:Core/Src/main.c ****                 case 1:
 416:Core/Src/main.c ****                     LED_Y_RESET;
 1499              		.loc 1 416 21 view .LVU435
 1500 0246 0D4A     		ldr	r2, .L108+4
 1501 0248 D2F81038 		ldr	r3, [r2, #2064]
 1502 024c 23F40073 		bic	r3, r3, #512
 1503 0250 C2F81038 		str	r3, [r2, #2064]
 1504              		.loc 1 416 21 view .LVU436
 1505 0254 43F00073 		orr	r3, r3, #33554432
 1506 0258 C2F81038 		str	r3, [r2, #2064]
 417:Core/Src/main.c ****                     break;
 1507              		.loc 1 417 21 view .LVU437
 1508 025c D7E7     		b	.L96
 1509              	.L98:
 418:Core/Src/main.c ****                 case 2:
ARM GAS  C:\Users\khrip\AppData\Local\Temp\ccD05Ws9.s 			page 38


 419:Core/Src/main.c ****                     LED_W_RESET;
 1510              		.loc 1 419 21 view .LVU438
 1511 025e 074A     		ldr	r2, .L108+4
 1512 0260 D2F81038 		ldr	r3, [r2, #2064]
 1513 0264 23F48063 		bic	r3, r3, #1024
 1514 0268 C2F81038 		str	r3, [r2, #2064]
 1515              		.loc 1 419 21 view .LVU439
 1516 026c 43F08063 		orr	r3, r3, #67108864
 1517 0270 C2F81038 		str	r3, [r2, #2064]
 420:Core/Src/main.c ****                     break;
 1518              		.loc 1 420 21 view .LVU440
 1519 0274 CBE7     		b	.L96
 1520              	.L109:
 1521 0276 00BF     		.align	2
 1522              	.L108:
 1523 0278 00100240 		.word	1073876992
 1524 027c 00000140 		.word	1073807360
 1525 0280 00000000 		.word	BUTT1_State
 1526 0284 00000000 		.word	BUTT1_is_Clicked
 1527 0288 00000000 		.word	LEDS_number
 1528 028c 00000000 		.word	LEDS_freq
 1529 0290 00009040 		.word	1083179008
 1530 0294 00000000 		.word	BUTT2_is_Clicked
 1531 0298 00000000 		.word	LEDS_isActive
 1532 029c 00000000 		.word	BUTT2_is_Pressed
 1533 02a0 00000000 		.word	mode
 1534 02a4 00000000 		.word	prev_LEDS_number
 1535              	.LBE5:
 1536              		.cfi_endproc
 1537              	.LFE11:
 1539              		.section	.bss.was_pressed.0,"aw",%nobits
 1542              	was_pressed.0:
 1543 0000 00       		.space	1
 1544              		.section	.bss.press_start_time.1,"aw",%nobits
 1545              		.align	2
 1548              	press_start_time.1:
 1549 0000 00000000 		.space	4
 1550              		.section	.bss.prev_state.2,"aw",%nobits
 1553              	prev_state.2:
 1554 0000 00       		.space	1
 1555              		.section	.bss.press_start_time.3,"aw",%nobits
 1556              		.align	2
 1559              	press_start_time.3:
 1560 0000 00000000 		.space	4
 1561              		.section	.bss.prev_state.4,"aw",%nobits
 1564              	prev_state.4:
 1565 0000 00       		.space	1
 1566              		.section	.bss.led_state.5,"aw",%nobits
 1569              	led_state.5:
 1570 0000 00       		.space	1
 1571              		.section	.bss.last_toggle.6,"aw",%nobits
 1572              		.align	2
 1575              	last_toggle.6:
 1576 0000 00000000 		.space	4
 1577              		.section	.bss.led_state.7,"aw",%nobits
 1580              	led_state.7:
 1581 0000 00       		.space	1
ARM GAS  C:\Users\khrip\AppData\Local\Temp\ccD05Ws9.s 			page 39


 1582              		.section	.bss.last_toggle.8,"aw",%nobits
 1583              		.align	2
 1586              	last_toggle.8:
 1587 0000 00000000 		.space	4
 1588              		.section	.bss.led_state.9,"aw",%nobits
 1591              	led_state.9:
 1592 0000 00       		.space	1
 1593              		.section	.bss.last_toggle.10,"aw",%nobits
 1594              		.align	2
 1597              	last_toggle.10:
 1598 0000 00000000 		.space	4
 1599              		.global	prev_LEDS_number
 1600              		.section	.bss.prev_LEDS_number,"aw",%nobits
 1603              	prev_LEDS_number:
 1604 0000 00       		.space	1
 1605              		.global	LEDS_number
 1606              		.section	.bss.LEDS_number,"aw",%nobits
 1607              		.align	2
 1610              	LEDS_number:
 1611 0000 00000000 		.space	4
 1612              		.global	LEDS_freq
 1613              		.section	.data.LEDS_freq,"aw"
 1614              		.align	2
 1617              	LEDS_freq:
 1618 0000 0000003F 		.word	1056964608
 1619 0004 0000003F 		.word	1056964608
 1620 0008 0000003F 		.word	1056964608
 1621              		.global	LEDS_isActive
 1622              		.section	.bss.LEDS_isActive,"aw",%nobits
 1623              		.align	2
 1626              	LEDS_isActive:
 1627 0000 00000000 		.space	12
 1627      00000000 
 1627      00000000 
 1628              		.global	mode
 1629              		.section	.bss.mode,"aw",%nobits
 1630              		.align	2
 1633              	mode:
 1634 0000 00000000 		.space	4
 1635              		.global	BUTT2_is_Pressed
 1636              		.section	.bss.BUTT2_is_Pressed,"aw",%nobits
 1637              		.align	2
 1640              	BUTT2_is_Pressed:
 1641 0000 00000000 		.space	4
 1642              		.global	BUTT2_is_Clicked
 1643              		.section	.bss.BUTT2_is_Clicked,"aw",%nobits
 1644              		.align	2
 1647              	BUTT2_is_Clicked:
 1648 0000 00000000 		.space	4
 1649              		.global	BUTT2_State
 1650              		.section	.bss.BUTT2_State,"aw",%nobits
 1651              		.align	2
 1654              	BUTT2_State:
 1655 0000 00000000 		.space	4
 1656              		.global	BUTT1_is_Pressed
 1657              		.section	.bss.BUTT1_is_Pressed,"aw",%nobits
 1658              		.align	2
ARM GAS  C:\Users\khrip\AppData\Local\Temp\ccD05Ws9.s 			page 40


 1661              	BUTT1_is_Pressed:
 1662 0000 00000000 		.space	4
 1663              		.global	BUTT1_is_Clicked
 1664              		.section	.bss.BUTT1_is_Clicked,"aw",%nobits
 1665              		.align	2
 1668              	BUTT1_is_Clicked:
 1669 0000 00000000 		.space	4
 1670              		.global	BUTT1_State
 1671              		.section	.bss.BUTT1_State,"aw",%nobits
 1672              		.align	2
 1675              	BUTT1_State:
 1676 0000 00000000 		.space	4
 1677              		.global	a4
 1678              		.section	.bss.a4,"aw",%nobits
 1681              	a4:
 1682 0000 00       		.space	1
 1683              		.global	a3
 1684              		.section	.bss.a3,"aw",%nobits
 1687              	a3:
 1688 0000 00       		.space	1
 1689              		.global	a2
 1690              		.section	.bss.a2,"aw",%nobits
 1693              	a2:
 1694 0000 00       		.space	1
 1695              		.global	a1
 1696              		.section	.bss.a1,"aw",%nobits
 1699              	a1:
 1700 0000 00       		.space	1
 1701              		.global	LED_W_State
 1702              		.section	.bss.LED_W_State,"aw",%nobits
 1703              		.align	2
 1706              	LED_W_State:
 1707 0000 00000000 		.space	4
 1708              		.global	LED_Y_State
 1709              		.section	.bss.LED_Y_State,"aw",%nobits
 1710              		.align	2
 1713              	LED_Y_State:
 1714 0000 00000000 		.space	4
 1715              		.global	LED_R_State
 1716              		.section	.bss.LED_R_State,"aw",%nobits
 1717              		.align	2
 1720              	LED_R_State:
 1721 0000 00000000 		.space	4
 1722              		.global	g_iteration_counter
 1723              		.section	.bss.g_iteration_counter,"aw",%nobits
 1724              		.align	2
 1727              	g_iteration_counter:
 1728 0000 00000000 		.space	4
 1729              		.global	g_milliseconds
 1730              		.section	.bss.g_milliseconds,"aw",%nobits
 1731              		.align	2
 1734              	g_milliseconds:
 1735 0000 00000000 		.space	4
 1736              		.text
 1737              	.Letext0:
 1738              		.file 2 "C:/Tools/xpack-arm-none-eabi-gcc-13.2.1-1.1/arm-none-eabi/include/machine/_default_types.
 1739              		.file 3 "C:/Tools/xpack-arm-none-eabi-gcc-13.2.1-1.1/arm-none-eabi/include/sys/_stdint.h"
ARM GAS  C:\Users\khrip\AppData\Local\Temp\ccD05Ws9.s 			page 41


ARM GAS  C:\Users\khrip\AppData\Local\Temp\ccD05Ws9.s 			page 42


DEFINED SYMBOLS
                            *ABS*:00000000 main.c
C:\Users\khrip\AppData\Local\Temp\ccD05Ws9.s:19     .text.millis_update:00000000 $t
C:\Users\khrip\AppData\Local\Temp\ccD05Ws9.s:24     .text.millis_update:00000000 millis_update
C:\Users\khrip\AppData\Local\Temp\ccD05Ws9.s:60     .text.millis_update:00000020 $d
C:\Users\khrip\AppData\Local\Temp\ccD05Ws9.s:1727   .bss.g_iteration_counter:00000000 g_iteration_counter
C:\Users\khrip\AppData\Local\Temp\ccD05Ws9.s:1734   .bss.g_milliseconds:00000000 g_milliseconds
C:\Users\khrip\AppData\Local\Temp\ccD05Ws9.s:66     .text.millis_init:00000000 $t
C:\Users\khrip\AppData\Local\Temp\ccD05Ws9.s:72     .text.millis_init:00000000 millis_init
C:\Users\khrip\AppData\Local\Temp\ccD05Ws9.s:93     .text.millis_init:0000000c $d
C:\Users\khrip\AppData\Local\Temp\ccD05Ws9.s:99     .text.millis:00000000 $t
C:\Users\khrip\AppData\Local\Temp\ccD05Ws9.s:105    .text.millis:00000000 millis
C:\Users\khrip\AppData\Local\Temp\ccD05Ws9.s:121    .text.millis:00000008 $d
C:\Users\khrip\AppData\Local\Temp\ccD05Ws9.s:130    .text.LED_R_Blink:00000000 $t
C:\Users\khrip\AppData\Local\Temp\ccD05Ws9.s:136    .text.LED_R_Blink:00000000 LED_R_Blink
C:\Users\khrip\AppData\Local\Temp\ccD05Ws9.s:250    .text.LED_R_Blink:0000008c $d
C:\Users\khrip\AppData\Local\Temp\ccD05Ws9.s:1699   .bss.a1:00000000 a1
C:\Users\khrip\AppData\Local\Temp\ccD05Ws9.s:1597   .bss.last_toggle.10:00000000 last_toggle.10
C:\Users\khrip\AppData\Local\Temp\ccD05Ws9.s:1591   .bss.led_state.9:00000000 led_state.9
C:\Users\khrip\AppData\Local\Temp\ccD05Ws9.s:1693   .bss.a2:00000000 a2
C:\Users\khrip\AppData\Local\Temp\ccD05Ws9.s:1687   .bss.a3:00000000 a3
C:\Users\khrip\AppData\Local\Temp\ccD05Ws9.s:1681   .bss.a4:00000000 a4
C:\Users\khrip\AppData\Local\Temp\ccD05Ws9.s:262    .text.LED_Y_Blink:00000000 $t
C:\Users\khrip\AppData\Local\Temp\ccD05Ws9.s:268    .text.LED_Y_Blink:00000000 LED_Y_Blink
C:\Users\khrip\AppData\Local\Temp\ccD05Ws9.s:363    .text.LED_Y_Blink:00000078 $d
C:\Users\khrip\AppData\Local\Temp\ccD05Ws9.s:1586   .bss.last_toggle.8:00000000 last_toggle.8
C:\Users\khrip\AppData\Local\Temp\ccD05Ws9.s:1580   .bss.led_state.7:00000000 led_state.7
C:\Users\khrip\AppData\Local\Temp\ccD05Ws9.s:371    .text.LED_W_Blink:00000000 $t
C:\Users\khrip\AppData\Local\Temp\ccD05Ws9.s:377    .text.LED_W_Blink:00000000 LED_W_Blink
C:\Users\khrip\AppData\Local\Temp\ccD05Ws9.s:472    .text.LED_W_Blink:00000078 $d
C:\Users\khrip\AppData\Local\Temp\ccD05Ws9.s:1575   .bss.last_toggle.6:00000000 last_toggle.6
C:\Users\khrip\AppData\Local\Temp\ccD05Ws9.s:1569   .bss.led_state.5:00000000 led_state.5
C:\Users\khrip\AppData\Local\Temp\ccD05Ws9.s:480    .text.LED_Blink:00000000 $t
C:\Users\khrip\AppData\Local\Temp\ccD05Ws9.s:486    .text.LED_Blink:00000000 LED_Blink
C:\Users\khrip\AppData\Local\Temp\ccD05Ws9.s:540    .text.Delay:00000000 $t
C:\Users\khrip\AppData\Local\Temp\ccD05Ws9.s:546    .text.Delay:00000000 Delay
C:\Users\khrip\AppData\Local\Temp\ccD05Ws9.s:588    .text.LED_Sparkle:00000000 $t
C:\Users\khrip\AppData\Local\Temp\ccD05Ws9.s:594    .text.LED_Sparkle:00000000 LED_Sparkle
C:\Users\khrip\AppData\Local\Temp\ccD05Ws9.s:762    .text.LED_Sparkle:00000140 $d
C:\Users\khrip\AppData\Local\Temp\ccD05Ws9.s:767    .text.BUTT1_Handler:00000000 $t
C:\Users\khrip\AppData\Local\Temp\ccD05Ws9.s:773    .text.BUTT1_Handler:00000000 BUTT1_Handler
C:\Users\khrip\AppData\Local\Temp\ccD05Ws9.s:919    .text.BUTT1_Handler:00000094 $d
C:\Users\khrip\AppData\Local\Temp\ccD05Ws9.s:1564   .bss.prev_state.4:00000000 prev_state.4
C:\Users\khrip\AppData\Local\Temp\ccD05Ws9.s:1661   .bss.BUTT1_is_Pressed:00000000 BUTT1_is_Pressed
C:\Users\khrip\AppData\Local\Temp\ccD05Ws9.s:1668   .bss.BUTT1_is_Clicked:00000000 BUTT1_is_Clicked
C:\Users\khrip\AppData\Local\Temp\ccD05Ws9.s:1559   .bss.press_start_time.3:00000000 press_start_time.3
C:\Users\khrip\AppData\Local\Temp\ccD05Ws9.s:928    .text.BUTT2_Handler:00000000 $t
C:\Users\khrip\AppData\Local\Temp\ccD05Ws9.s:934    .text.BUTT2_Handler:00000000 BUTT2_Handler
C:\Users\khrip\AppData\Local\Temp\ccD05Ws9.s:1102   .text.BUTT2_Handler:000000a4 $d
C:\Users\khrip\AppData\Local\Temp\ccD05Ws9.s:1553   .bss.prev_state.2:00000000 prev_state.2
C:\Users\khrip\AppData\Local\Temp\ccD05Ws9.s:1542   .bss.was_pressed.0:00000000 was_pressed.0
C:\Users\khrip\AppData\Local\Temp\ccD05Ws9.s:1640   .bss.BUTT2_is_Pressed:00000000 BUTT2_is_Pressed
C:\Users\khrip\AppData\Local\Temp\ccD05Ws9.s:1548   .bss.press_start_time.1:00000000 press_start_time.1
C:\Users\khrip\AppData\Local\Temp\ccD05Ws9.s:1647   .bss.BUTT2_is_Clicked:00000000 BUTT2_is_Clicked
C:\Users\khrip\AppData\Local\Temp\ccD05Ws9.s:1113   .text.main:00000000 $t
C:\Users\khrip\AppData\Local\Temp\ccD05Ws9.s:1119   .text.main:00000000 main
C:\Users\khrip\AppData\Local\Temp\ccD05Ws9.s:1523   .text.main:00000278 $d
ARM GAS  C:\Users\khrip\AppData\Local\Temp\ccD05Ws9.s 			page 43


C:\Users\khrip\AppData\Local\Temp\ccD05Ws9.s:1675   .bss.BUTT1_State:00000000 BUTT1_State
C:\Users\khrip\AppData\Local\Temp\ccD05Ws9.s:1610   .bss.LEDS_number:00000000 LEDS_number
C:\Users\khrip\AppData\Local\Temp\ccD05Ws9.s:1617   .data.LEDS_freq:00000000 LEDS_freq
C:\Users\khrip\AppData\Local\Temp\ccD05Ws9.s:1626   .bss.LEDS_isActive:00000000 LEDS_isActive
C:\Users\khrip\AppData\Local\Temp\ccD05Ws9.s:1633   .bss.mode:00000000 mode
C:\Users\khrip\AppData\Local\Temp\ccD05Ws9.s:1603   .bss.prev_LEDS_number:00000000 prev_LEDS_number
C:\Users\khrip\AppData\Local\Temp\ccD05Ws9.s:1543   .bss.was_pressed.0:00000000 $d
C:\Users\khrip\AppData\Local\Temp\ccD05Ws9.s:1545   .bss.press_start_time.1:00000000 $d
C:\Users\khrip\AppData\Local\Temp\ccD05Ws9.s:1554   .bss.prev_state.2:00000000 $d
C:\Users\khrip\AppData\Local\Temp\ccD05Ws9.s:1556   .bss.press_start_time.3:00000000 $d
C:\Users\khrip\AppData\Local\Temp\ccD05Ws9.s:1565   .bss.prev_state.4:00000000 $d
C:\Users\khrip\AppData\Local\Temp\ccD05Ws9.s:1570   .bss.led_state.5:00000000 $d
C:\Users\khrip\AppData\Local\Temp\ccD05Ws9.s:1572   .bss.last_toggle.6:00000000 $d
C:\Users\khrip\AppData\Local\Temp\ccD05Ws9.s:1581   .bss.led_state.7:00000000 $d
C:\Users\khrip\AppData\Local\Temp\ccD05Ws9.s:1583   .bss.last_toggle.8:00000000 $d
C:\Users\khrip\AppData\Local\Temp\ccD05Ws9.s:1592   .bss.led_state.9:00000000 $d
C:\Users\khrip\AppData\Local\Temp\ccD05Ws9.s:1594   .bss.last_toggle.10:00000000 $d
C:\Users\khrip\AppData\Local\Temp\ccD05Ws9.s:1604   .bss.prev_LEDS_number:00000000 $d
C:\Users\khrip\AppData\Local\Temp\ccD05Ws9.s:1607   .bss.LEDS_number:00000000 $d
C:\Users\khrip\AppData\Local\Temp\ccD05Ws9.s:1614   .data.LEDS_freq:00000000 $d
C:\Users\khrip\AppData\Local\Temp\ccD05Ws9.s:1623   .bss.LEDS_isActive:00000000 $d
C:\Users\khrip\AppData\Local\Temp\ccD05Ws9.s:1630   .bss.mode:00000000 $d
C:\Users\khrip\AppData\Local\Temp\ccD05Ws9.s:1637   .bss.BUTT2_is_Pressed:00000000 $d
C:\Users\khrip\AppData\Local\Temp\ccD05Ws9.s:1644   .bss.BUTT2_is_Clicked:00000000 $d
C:\Users\khrip\AppData\Local\Temp\ccD05Ws9.s:1654   .bss.BUTT2_State:00000000 BUTT2_State
C:\Users\khrip\AppData\Local\Temp\ccD05Ws9.s:1651   .bss.BUTT2_State:00000000 $d
C:\Users\khrip\AppData\Local\Temp\ccD05Ws9.s:1658   .bss.BUTT1_is_Pressed:00000000 $d
C:\Users\khrip\AppData\Local\Temp\ccD05Ws9.s:1665   .bss.BUTT1_is_Clicked:00000000 $d
C:\Users\khrip\AppData\Local\Temp\ccD05Ws9.s:1672   .bss.BUTT1_State:00000000 $d
C:\Users\khrip\AppData\Local\Temp\ccD05Ws9.s:1682   .bss.a4:00000000 $d
C:\Users\khrip\AppData\Local\Temp\ccD05Ws9.s:1688   .bss.a3:00000000 $d
C:\Users\khrip\AppData\Local\Temp\ccD05Ws9.s:1694   .bss.a2:00000000 $d
C:\Users\khrip\AppData\Local\Temp\ccD05Ws9.s:1700   .bss.a1:00000000 $d
C:\Users\khrip\AppData\Local\Temp\ccD05Ws9.s:1706   .bss.LED_W_State:00000000 LED_W_State
C:\Users\khrip\AppData\Local\Temp\ccD05Ws9.s:1703   .bss.LED_W_State:00000000 $d
C:\Users\khrip\AppData\Local\Temp\ccD05Ws9.s:1713   .bss.LED_Y_State:00000000 LED_Y_State
C:\Users\khrip\AppData\Local\Temp\ccD05Ws9.s:1710   .bss.LED_Y_State:00000000 $d
C:\Users\khrip\AppData\Local\Temp\ccD05Ws9.s:1720   .bss.LED_R_State:00000000 LED_R_State
C:\Users\khrip\AppData\Local\Temp\ccD05Ws9.s:1717   .bss.LED_R_State:00000000 $d
C:\Users\khrip\AppData\Local\Temp\ccD05Ws9.s:1724   .bss.g_iteration_counter:00000000 $d
C:\Users\khrip\AppData\Local\Temp\ccD05Ws9.s:1731   .bss.g_milliseconds:00000000 $d

UNDEFINED SYMBOLS
__aeabi_fcmpeq
__aeabi_fdiv
__aeabi_ui2f
__aeabi_fcmpge
__aeabi_fadd
